Timestamp,Type,Confidence,Risk_Score
2026-02-07 04:54:20,smoke,0.2892908525466919,0.7300000000000001
2026-02-07 04:54:21,smoke,0.29470989227294925,0.65
2026-02-07 04:54:22,smoke,0.29470989227294925,0.535
2026-02-07 04:54:22,smoke,0.29470989227294925,0.7650000000000001
2026-02-07 04:54:23,smoke,0.28024293899536135,0.54
2026-02-07 04:54:24,smoke,0.28024293899536135,0.615
2026-02-07 04:54:24,smoke,0.28024293899536135,0.77
2026-02-07 04:54:25,smoke,0.27099096298217773,0.545
2026-02-07 04:54:26,smoke,0.27099096298217773,0.7050000000000001
2026-02-07 04:54:26,smoke,0.27099096298217773,0.6050000000000001
2026-02-07 04:54:27,smoke,0.2899452638626099,0.5950000000000001
2026-02-07 04:54:27,smoke,0.2899452638626099,0.67
2026-02-07 04:54:28,smoke,0.2899452638626099,0.6200000000000001
2026-02-07 04:54:29,smoke,0.28744225025177,0.78
2026-02-07 04:54:29,smoke,0.28744225025177,0.7
2026-02-07 04:54:30,smoke,0.28744225025177,0.5800000000000001
2026-02-07 04:54:30,smoke,0.2843953323364258,0.71
2026-02-07 04:54:31,smoke,0.2843953323364258,0.735
2026-02-07 04:54:31,smoke,0.2843953323364258,0.6699999999999999
2026-02-07 04:54:32,smoke,0.2000575017929077,0.65
2026-02-07 04:54:33,smoke,0.2000575017929077,0.7250000000000001
2026-02-07 04:54:33,smoke,0.2000575017929077,0.61
2026-02-07 04:54:34,smoke,0.20073033094406129,0.64
2026-02-07 04:54:34,smoke,0.20073033094406129,0.6900000000000001
2026-02-07 04:54:35,smoke,0.20073033094406129,0.7150000000000001
2026-02-07 04:54:36,none,0.045,0.53
2026-02-07 04:54:36,none,0.045,0.68
2026-02-07 04:54:37,none,0.045,0.575
2026-02-07 04:54:37,smoke,0.21612882137298584,0.5549999999999999
2026-02-07 04:54:38,smoke,0.21612882137298584,0.675
2026-02-07 04:54:39,smoke,0.21612882137298584,0.69
2026-02-07 04:54:39,fire,0.17740382671356203,0.725
2026-02-07 04:54:40,fire,0.17740382671356203,0.56
2026-02-07 04:54:40,fire,0.17740382671356203,0.605
2026-02-07 04:54:41,smoke,0.2208686184883118,0.585
2026-02-07 04:54:42,smoke,0.2208686184883118,0.635
2026-02-07 04:54:42,smoke,0.2208686184883118,0.735
2026-02-07 04:54:43,fire,0.2295763206481934,0.7000000000000001
2026-02-07 04:54:43,fire,0.2295763206481934,0.6799999999999999
2026-02-07 04:54:44,fire,0.2295763206481934,0.635
2026-02-07 04:54:45,smoke,0.24092730998992923,0.535
2026-02-07 04:54:45,smoke,0.24092730998992923,0.5750000000000001
2026-02-07 04:54:46,smoke,0.24092730998992923,0.65
2026-02-07 04:54:46,fire,0.21967794418334963,0.635
2026-02-07 04:54:47,fire,0.21967794418334963,0.655
2026-02-07 04:54:47,fire,0.21967794418334963,0.72
2026-02-07 04:54:48,fire,0.200478298664093,0.68
2026-02-07 04:54:49,fire,0.200478298664093,0.61
2026-02-07 04:54:49,fire,0.200478298664093,0.72
2026-02-07 05:03:35,fire,0.28263656616210936,0.595
2026-02-07 05:03:37,fire,0.26602854251861574,0.54
2026-02-07 05:03:37,fire,0.26602854251861574,0.63
2026-02-07 05:03:38,fire,0.26602854251861574,0.53
2026-02-07 05:03:38,fire,0.25576529026031497,0.6950000000000001
2026-02-07 05:03:39,fire,0.25576529026031497,0.78
2026-02-07 05:03:40,fire,0.25576529026031497,0.605
2026-02-07 05:03:40,fire,0.25111400604248046,0.8
2026-02-07 05:03:41,fire,0.25111400604248046,0.635
2026-02-07 05:03:41,fire,0.25111400604248046,0.6000000000000001
2026-02-07 05:03:42,fire,0.24951645851135257,0.665
2026-02-07 05:03:43,fire,0.24951645851135257,0.555
2026-02-07 05:03:43,fire,0.24951645851135257,0.6200000000000001
2026-02-07 05:03:44,fire,0.22821502208709715,0.7050000000000001
2026-02-07 05:03:44,fire,0.22821502208709715,0.66
2026-02-07 05:03:45,fire,0.22821502208709715,0.7300000000000001
2026-02-07 05:03:46,fire,0.2271397423744202,0.7300000000000001
2026-02-07 05:03:46,fire,0.2271397423744202,0.555
2026-02-07 05:03:47,fire,0.2271397423744202,0.62
2026-02-07 05:03:47,fire,0.2352976989746094,0.65
2026-02-07 05:03:48,fire,0.2352976989746094,0.785
2026-02-07 05:03:48,fire,0.2352976989746094,0.6900000000000001
2026-02-07 05:03:49,fire,0.2691826057434082,0.635
2026-02-07 05:03:50,fire,0.2691826057434082,0.7650000000000001
2026-02-07 05:03:50,fire,0.2691826057434082,0.7850000000000001
2026-02-07 05:03:51,fire,0.30716185092926024,0.525
2026-02-07 05:03:51,fire,0.30716185092926024,0.5850000000000001
2026-02-07 05:30:58,fire,0.2828032922744751,0.7050000000000001
2026-02-07 05:30:59,fire,0.26604427814483644,0.52
2026-02-07 05:30:59,fire,0.26604427814483644,0.685
2026-02-07 05:31:00,fire,0.26604427814483644,0.535
2026-02-07 05:31:00,fire,0.2557022523880005,0.73
2026-02-07 05:31:00,fire,0.2557022523880005,0.8099999999999999
2026-02-07 05:31:00,fire,0.2557022523880005,0.5850000000000001
2026-02-07 05:31:00,fire,0.25126635551452636,0.685
2026-02-07 05:31:00,fire,0.25126635551452636,0.53
2026-02-07 05:31:00,fire,0.25126635551452636,0.7100000000000001
2026-02-07 05:31:00,fire,0.24996485233306887,0.7200000000000001
2026-02-07 05:31:00,fire,0.24996485233306887,0.5650000000000001
2026-02-07 05:31:01,fire,0.24996485233306887,0.625
2026-02-07 05:31:01,fire,0.22816450119018555,0.745
2026-02-07 05:31:01,fire,0.22816450119018555,0.7050000000000001
2026-02-07 05:31:01,fire,0.22816450119018555,0.625
2026-02-07 05:31:01,fire,0.22706238746643065,0.6799999999999999
2026-02-07 05:31:01,fire,0.22706238746643065,0.73
2026-02-07 05:31:01,fire,0.22706238746643065,0.59
2026-02-07 05:31:01,fire,0.23388837099075316,0.61
2026-02-07 05:31:01,fire,0.23388837099075316,0.675
2026-02-07 05:31:01,fire,0.23388837099075316,0.6000000000000001
2026-02-07 05:31:02,fire,0.2707741451263428,0.7150000000000001
2026-02-07 05:31:02,fire,0.2707741451263428,0.65
2026-02-07 05:31:02,fire,0.2707741451263428,0.8200000000000001
2026-02-07 05:31:02,fire,0.3075849485397339,0.645
2026-02-07 05:31:02,fire,0.3075849485397339,0.5900000000000001
2026-02-07 05:31:02,fire,0.3075849485397339,0.5800000000000001
2026-02-07 05:31:02,fire,0.25111271858215334,0.6950000000000001
2026-02-07 05:31:02,fire,0.25111271858215334,0.66
2026-02-07 05:31:02,fire,0.25111271858215334,0.7050000000000001
2026-02-07 05:31:02,fire,0.28805272102355955,0.675
2026-02-07 05:31:03,fire,0.28805272102355955,0.71
2026-02-07 05:31:03,fire,0.28805272102355955,0.73
2026-02-07 05:31:03,fire,0.2921135854721069,0.665
2026-02-07 05:31:03,fire,0.2921135854721069,0.7350000000000001
2026-02-07 05:31:03,fire,0.2921135854721069,0.525
2026-02-07 05:31:03,fire,0.3170057487487793,0.7450000000000001
2026-02-07 05:31:03,fire,0.3170057487487793,0.77
2026-02-07 05:31:03,fire,0.3170057487487793,0.71
2026-02-07 05:31:03,fire,0.2751321268081665,0.67
2026-02-07 05:31:03,fire,0.2751321268081665,0.63
2026-02-07 05:31:03,fire,0.2751321268081665,0.7050000000000001
2026-02-07 05:31:04,fire,0.30125884532928465,0.5850000000000001
2026-02-07 05:31:04,fire,0.30125884532928465,0.76
2026-02-07 05:31:04,fire,0.30125884532928465,0.545
2026-02-07 05:31:04,fire,0.2999433946609497,0.7699999999999999
2026-02-07 05:31:04,fire,0.2999433946609497,0.78
2026-02-07 05:31:04,fire,0.2999433946609497,0.715
2026-02-07 05:31:04,fire,0.27144717693328857,0.7100000000000001
2026-02-07 05:31:04,fire,0.27144717693328857,0.78
2026-02-07 05:31:04,fire,0.27144717693328857,0.7000000000000001
2026-02-07 05:31:05,fire,0.24727363109588624,0.635
2026-02-07 05:31:05,fire,0.24727363109588624,0.65
2026-02-07 05:31:05,fire,0.24727363109588624,0.535
2026-02-07 05:31:05,fire,0.2464827251434326,0.7550000000000001
2026-02-07 05:31:05,fire,0.2464827251434326,0.7950000000000002
2026-02-07 05:31:05,fire,0.2464827251434326,0.635
2026-02-07 05:31:05,fire,0.26609363079071047,0.66
2026-02-07 05:31:05,fire,0.26609363079071047,0.7750000000000001
2026-02-07 05:31:05,fire,0.26609363079071047,0.7200000000000001
2026-02-07 05:31:05,fire,0.2447380614280701,0.62
2026-02-07 05:31:05,fire,0.2447380614280701,0.6
2026-02-07 05:31:06,fire,0.2447380614280701,0.675
2026-02-07 05:31:06,fire,0.23722229719161986,0.7450000000000001
2026-02-07 05:31:06,fire,0.23722229719161986,0.6900000000000001
2026-02-07 05:31:06,fire,0.23722229719161986,0.7949999999999999
2026-02-07 05:31:06,fire,0.25042626380920413,0.6699999999999999
2026-02-07 05:31:06,fire,0.25042626380920413,0.6100000000000001
2026-02-07 05:31:06,fire,0.25042626380920413,0.675
2026-02-07 05:31:06,fire,0.2824710321426392,0.545
2026-02-07 05:31:06,fire,0.2824710321426392,0.75
2026-02-07 05:31:06,fire,0.2824710321426392,0.655
2026-02-07 05:31:07,fire,0.30411922454833984,0.8
2026-02-07 05:31:07,fire,0.30411922454833984,0.5950000000000001
2026-02-07 05:31:07,fire,0.30411922454833984,0.635
2026-02-07 05:31:07,fire,0.31802680015563967,0.66
2026-02-07 05:31:07,fire,0.31802680015563967,0.5800000000000001
2026-02-07 05:31:07,fire,0.31802680015563967,0.615
2026-02-07 05:31:07,fire,0.30160505294799805,0.53
2026-02-07 05:31:07,fire,0.30160505294799805,0.725
2026-02-07 05:31:07,fire,0.30160505294799805,0.63
2026-02-07 05:31:07,fire,0.2460047435760498,0.49
2026-02-07 05:31:08,fire,0.2460047435760498,0.6200000000000001
2026-02-07 05:31:08,fire,0.2460047435760498,0.7450000000000001
2026-02-07 05:31:10,fire,0.28219937801361084,0.65
2026-02-07 05:31:11,fire,0.265854640007019,0.52
2026-02-07 05:31:11,fire,0.265854640007019,0.5800000000000001
2026-02-07 05:31:11,fire,0.265854640007019,0.6000000000000001
2026-02-07 05:31:11,fire,0.25562438488006595,0.5700000000000001
2026-02-07 05:31:11,fire,0.25562438488006595,0.535
2026-02-07 05:31:11,fire,0.25562438488006595,0.595
2026-02-07 05:31:11,fire,0.2512571525573731,0.475
2026-02-07 05:31:11,fire,0.2512571525573731,0.6950000000000001
2026-02-07 05:31:11,fire,0.2512571525573731,0.6050000000000001
2026-02-07 05:31:11,fire,0.24982425689697269,0.77
2026-02-07 05:31:11,fire,0.24982425689697269,0.6900000000000001
2026-02-07 05:31:12,fire,0.24982425689697269,0.7650000000000001
2026-02-07 05:31:12,fire,0.22842980146408082,0.685
2026-02-07 05:31:12,fire,0.22842980146408082,0.66
2026-02-07 05:31:12,fire,0.22842980146408082,0.625
2026-02-07 05:31:12,fire,0.22734952688217164,0.6150000000000001
2026-02-07 05:31:12,fire,0.22734952688217164,0.5850000000000001
2026-02-07 05:31:12,fire,0.22734952688217164,0.665
2026-02-07 05:31:12,fire,0.2348831844329834,0.5800000000000001
2026-02-07 05:31:12,fire,0.2348831844329834,0.68
2026-02-07 05:31:12,fire,0.2348831844329834,0.71
2026-02-07 05:31:13,fire,0.27022704601287845,0.6900000000000001
2026-02-07 05:31:13,fire,0.27022704601287845,0.8
2026-02-07 05:31:13,fire,0.27022704601287845,0.665
2026-02-07 05:31:13,fire,0.30778038024902343,0.7749999999999999
2026-02-07 05:31:13,fire,0.30778038024902343,0.63
2026-02-07 05:31:13,fire,0.30778038024902343,0.56
2026-02-07 05:31:13,fire,0.25160951137542725,0.64
2026-02-07 05:31:13,fire,0.25160951137542725,0.7050000000000001
2026-02-07 05:31:13,fire,0.25160951137542725,0.655
2026-02-07 05:31:14,fire,0.2883858633041382,0.665
2026-02-07 05:31:14,fire,0.2883858633041382,0.81
2026-02-07 05:31:14,fire,0.2883858633041382,0.72
2026-02-07 05:31:14,fire,0.29224833965301517,0.645
2026-02-07 05:31:14,fire,0.29224833965301517,0.74
2026-02-07 05:31:14,fire,0.29224833965301517,0.625
2026-02-07 05:31:14,fire,0.31714810848236086,0.65
2026-02-07 05:31:14,fire,0.31714810848236086,0.71
2026-02-07 05:31:14,fire,0.31714810848236086,0.78
2026-02-07 06:15:18,smoke,0.3332781744003296,0.615
2026-02-07 06:15:19,smoke,0.34878351211547853,0.7749999999999999
2026-02-07 06:15:19,smoke,0.34878351211547853,0.6900000000000001
2026-02-07 06:15:19,smoke,0.34878351211547853,0.63
2026-02-07 06:15:19,smoke,0.34550957202911375,0.655
2026-02-07 06:15:19,smoke,0.34550957202911375,0.66
2026-02-07 06:15:19,smoke,0.34550957202911375,0.63
2026-02-07 06:15:19,smoke,0.3478713941574097,0.8200000000000001
2026-02-07 06:15:19,smoke,0.3478713941574097,0.665
2026-02-07 06:15:19,smoke,0.3478713941574097,0.675
2026-02-07 06:15:19,smoke,0.3472106170654297,0.5549999999999999
2026-02-07 06:15:20,smoke,0.3472106170654297,0.585
2026-02-07 06:15:20,smoke,0.3472106170654297,0.645
2026-02-07 06:15:20,smoke,0.3378936243057251,0.5650000000000001
2026-02-07 06:15:20,smoke,0.3378936243057251,0.68
2026-02-07 06:15:20,smoke,0.3378936243057251,0.56
2026-02-07 06:15:20,smoke,0.30504724502563474,0.61
2026-02-07 06:15:20,smoke,0.30504724502563474,0.615
2026-02-07 06:15:20,smoke,0.30504724502563474,0.5700000000000001
2026-02-07 06:15:20,smoke,0.33203017234802246,0.7999999999999999
2026-02-07 06:15:20,smoke,0.33203017234802246,0.67
2026-02-07 06:15:20,smoke,0.33203017234802246,0.66
2026-02-07 06:15:20,smoke,0.32032289028167726,0.53
2026-02-07 06:15:21,smoke,0.32032289028167726,0.655
2026-02-07 06:15:21,smoke,0.32032289028167726,0.685
2026-02-07 06:15:21,smoke,0.3291515064239502,0.81
2026-02-07 06:15:21,smoke,0.3291515064239502,0.6400000000000001
2026-02-07 06:15:21,smoke,0.3291515064239502,0.6599999999999999
2026-02-07 06:15:21,smoke,0.331051869392395,0.6100000000000001
2026-02-07 06:15:21,smoke,0.331051869392395,0.6699999999999999
2026-02-07 06:15:21,smoke,0.331051869392395,0.655
2026-02-07 06:15:21,smoke,0.32265898704528806,0.56
2026-02-07 06:15:21,smoke,0.32265898704528806,0.7150000000000001
2026-02-07 06:15:21,smoke,0.32265898704528806,0.625
2026-02-07 06:15:21,smoke,0.32981202125549314,0.7450000000000001
2026-02-07 06:15:22,smoke,0.32981202125549314,0.6699999999999999
2026-02-07 06:15:22,smoke,0.32981202125549314,0.595
2026-02-07 06:15:22,smoke,0.3493909788131714,0.74
2026-02-07 06:15:22,smoke,0.3493909788131714,0.5650000000000001
2026-02-07 06:15:22,smoke,0.3493909788131714,0.78
2026-02-07 06:15:22,smoke,0.33005730628967284,0.7150000000000001
2026-02-07 06:15:22,smoke,0.33005730628967284,0.69
2026-02-07 06:15:22,smoke,0.33005730628967284,0.52
2026-02-07 06:15:22,smoke,0.34003400325775146,0.65
2026-02-07 06:15:22,smoke,0.34003400325775146,0.5900000000000001
2026-02-07 06:15:22,smoke,0.34003400325775146,0.74
2026-02-07 06:15:22,smoke,0.3497881841659546,0.7
2026-02-07 06:15:22,smoke,0.3497881841659546,0.5
2026-02-07 06:15:23,smoke,0.3497881841659546,0.7650000000000001
2026-02-07 06:15:23,smoke,0.3384542894363403,0.55
2026-02-07 06:15:23,smoke,0.3384542894363403,0.67
2026-02-07 06:15:23,smoke,0.3384542894363403,0.55
2026-02-07 06:15:23,smoke,0.3299016189575195,0.7100000000000001
2026-02-07 06:15:23,smoke,0.3299016189575195,0.625
2026-02-07 06:15:23,smoke,0.3299016189575195,0.725
2026-02-07 06:15:23,smoke,0.3446962070465088,0.77
2026-02-07 06:15:23,smoke,0.3446962070465088,0.7350000000000001
2026-02-07 06:15:23,smoke,0.3446962070465088,0.64
2026-02-07 06:15:23,smoke,0.34465012073516843,0.615
2026-02-07 06:15:23,smoke,0.34465012073516843,0.625
2026-02-07 06:15:24,smoke,0.34465012073516843,0.7200000000000001
2026-02-07 06:15:24,smoke,0.3600356769561768,0.73
2026-02-07 06:15:24,smoke,0.3600356769561768,0.75
2026-02-07 06:15:24,smoke,0.3600356769561768,0.7150000000000001
2026-02-07 06:15:24,smoke,0.3555827808380127,0.755
2026-02-07 06:15:24,smoke,0.3555827808380127,0.555
2026-02-07 06:15:24,smoke,0.3555827808380127,0.555
2026-02-07 06:15:24,smoke,0.3616289806365967,0.7000000000000001
2026-02-07 06:15:24,smoke,0.3616289806365967,0.7450000000000001
2026-02-07 06:15:24,smoke,0.3616289806365967,0.695
2026-02-07 06:15:24,smoke,0.3603660535812378,0.75
2026-02-07 06:15:24,smoke,0.3603660535812378,0.7050000000000001
2026-02-07 06:15:24,smoke,0.3603660535812378,0.6799999999999999
2026-02-07 06:15:25,smoke,0.35584139347076416,0.7
2026-02-07 06:15:25,smoke,0.35584139347076416,0.6599999999999999
2026-02-07 06:15:25,smoke,0.35584139347076416,0.655
2026-02-07 06:15:25,smoke,0.3689768981933594,0.52
2026-02-07 06:15:25,smoke,0.3689768981933594,0.77
2026-02-07 06:15:25,smoke,0.3689768981933594,0.545
2026-02-07 06:15:25,smoke,0.36599063396453857,0.665
2026-02-07 06:15:25,smoke,0.36599063396453857,0.645
2026-02-07 06:15:25,smoke,0.36599063396453857,0.7350000000000001
2026-02-07 06:15:25,smoke,0.3635848474502564,0.81
2026-02-07 06:15:25,smoke,0.3635848474502564,0.555
2026-02-07 06:15:25,smoke,0.3635848474502564,0.675
2026-02-07 06:15:26,smoke,0.3497721862792969,0.68
2026-02-07 06:15:26,smoke,0.3497721862792969,0.62
2026-02-07 06:15:26,smoke,0.3497721862792969,0.59
2026-02-07 06:15:26,smoke,0.333670015335083,0.625
2026-02-07 06:15:26,smoke,0.333670015335083,0.5800000000000001
2026-02-07 06:15:26,smoke,0.333670015335083,0.66
2026-02-07 06:15:26,smoke,0.3496564817428589,0.69
2026-02-07 06:15:26,smoke,0.3496564817428589,0.6200000000000001
2026-02-07 06:15:26,smoke,0.3496564817428589,0.7050000000000001
2026-02-07 06:15:26,smoke,0.357589430809021,0.63
2026-02-07 06:15:26,smoke,0.357589430809021,0.555
2026-02-07 06:15:26,smoke,0.357589430809021,0.8049999999999999
2026-02-07 06:15:27,smoke,0.3707499217987061,0.8199999999999998
2026-02-07 06:15:27,smoke,0.3707499217987061,0.7450000000000001
2026-02-07 06:15:27,smoke,0.3707499217987061,0.605
2026-02-07 06:15:27,smoke,0.3658322286605835,0.6849999999999999
2026-02-07 06:15:27,smoke,0.3658322286605835,0.68
2026-02-07 06:15:27,smoke,0.3658322286605835,0.5800000000000001
2026-02-07 06:15:27,smoke,0.36267492294311526,0.815
2026-02-07 06:15:27,smoke,0.36267492294311526,0.775
2026-02-07 06:15:27,smoke,0.36267492294311526,0.535
2026-02-07 06:15:27,smoke,0.36859783649444583,0.6900000000000001
2026-02-07 06:15:27,smoke,0.36859783649444583,0.74
2026-02-07 06:15:27,smoke,0.36859783649444583,0.675
2026-02-07 06:15:28,smoke,0.3524518918991089,0.64
2026-02-07 06:15:28,smoke,0.3524518918991089,0.48
2026-02-07 06:15:28,smoke,0.3524518918991089,0.7500000000000001
2026-02-07 06:15:28,smoke,0.35939545154571534,0.7000000000000001
2026-02-07 06:15:28,smoke,0.35939545154571534,0.64
2026-02-07 06:15:28,smoke,0.35939545154571534,0.785
2026-02-07 06:15:28,smoke,0.36380886554718017,0.665
2026-02-07 06:15:28,smoke,0.36380886554718017,0.7950000000000002
2026-02-07 06:15:28,smoke,0.36380886554718017,0.6000000000000001
2026-02-07 06:15:28,smoke,0.3464940023422241,0.6150000000000001
2026-02-07 06:15:28,smoke,0.3464940023422241,0.825
2026-02-07 06:15:28,smoke,0.3464940023422241,0.6300000000000001
2026-02-07 06:15:29,smoke,0.3379724216461182,0.635
2026-02-07 06:15:29,smoke,0.3379724216461182,0.655
2026-02-07 06:15:29,smoke,0.3379724216461182,0.49
2026-02-07 06:15:29,smoke,0.35361375331878664,0.6150000000000001
2026-02-07 06:15:29,smoke,0.35361375331878664,0.68
2026-02-07 06:15:29,smoke,0.35361375331878664,0.665
2026-02-07 06:15:29,smoke,0.3584055614471436,0.7400000000000001
2026-02-07 06:15:29,smoke,0.3584055614471436,0.605
2026-02-07 06:15:29,smoke,0.3584055614471436,0.7100000000000001
2026-02-07 06:15:29,smoke,0.3460138034820557,0.79
2026-02-07 06:15:29,smoke,0.3460138034820557,0.625
2026-02-07 06:15:29,smoke,0.3460138034820557,0.655
2026-02-07 06:15:30,smoke,0.3560914945602417,0.535
2026-02-07 06:15:32,smoke,0.3330547285079956,0.635
2026-02-07 06:15:32,smoke,0.34893242835998534,0.62
2026-02-07 06:15:32,smoke,0.34893242835998534,0.515
2026-02-07 06:15:33,smoke,0.34893242835998534,0.65
2026-02-07 06:15:33,smoke,0.3455831003189087,0.7599999999999999
2026-02-07 06:15:33,smoke,0.3455831003189087,0.7050000000000001
2026-02-07 06:15:33,smoke,0.3455831003189087,0.7650000000000001
2026-02-07 06:15:33,smoke,0.3478263568878174,0.75
2026-02-07 06:15:33,smoke,0.3478263568878174,0.63
2026-02-07 06:15:33,smoke,0.3478263568878174,0.7150000000000001
2026-02-07 06:15:33,smoke,0.34718453407287597,0.73
2026-02-07 06:15:33,smoke,0.34718453407287597,0.8
2026-02-07 06:15:33,smoke,0.34718453407287597,0.7150000000000001
2026-02-07 13:04:42,smoke,0.33482870578765866,0.6950000000000001
2026-02-07 13:04:43,smoke,0.3498358678817749,0.6950000000000001
2026-02-07 13:04:43,smoke,0.3498358678817749,0.6000000000000001
2026-02-07 13:04:43,smoke,0.3498358678817749,0.645
2026-02-07 13:04:43,smoke,0.34681698799133304,0.59
2026-02-07 13:04:43,smoke,0.34681698799133304,0.635
2026-02-07 13:04:43,smoke,0.34681698799133304,0.655
2026-02-07 13:04:43,smoke,0.34930006980895995,0.7000000000000001
2026-02-07 13:04:43,smoke,0.34930006980895995,0.72
2026-02-07 13:04:43,smoke,0.34930006980895995,0.6050000000000001
2026-02-07 13:04:43,smoke,0.3488477659225464,0.73
2026-02-07 13:04:44,smoke,0.3488477659225464,0.655
2026-02-07 13:04:44,smoke,0.3488477659225464,0.7
2026-02-07 13:04:44,smoke,0.3390946340560913,0.7350000000000001
2026-02-07 13:04:44,smoke,0.3390946340560913,0.7000000000000001
2026-02-07 13:04:44,smoke,0.3390946340560913,0.7050000000000001
2026-02-07 13:04:44,smoke,0.3069693279266357,0.585
2026-02-07 13:04:44,smoke,0.3069693279266357,0.7250000000000001
2026-02-07 13:04:44,smoke,0.3069693279266357,0.685
2026-02-07 13:04:44,smoke,0.3328166675567627,0.67
2026-02-07 13:04:44,smoke,0.3328166675567627,0.7350000000000001
2026-02-07 13:04:44,smoke,0.3328166675567627,0.595
2026-02-07 13:04:44,smoke,0.3232348394393921,0.7000000000000001
2026-02-07 13:04:44,smoke,0.3232348394393921,0.595
2026-02-07 13:04:44,smoke,0.3232348394393921,0.6799999999999999
2026-02-07 13:04:44,smoke,0.3317344856262207,0.5850000000000001
2026-02-07 13:04:44,smoke,0.3317344856262207,0.64
2026-02-07 13:04:45,smoke,0.3317344856262207,0.7300000000000001
2026-02-07 13:04:45,smoke,0.33244263648986816,0.575
2026-02-07 13:04:45,smoke,0.33244263648986816,0.62
2026-02-07 13:04:45,smoke,0.33244263648986816,0.6699999999999999
2026-02-07 13:04:45,smoke,0.3256925296783447,0.525
2026-02-07 13:04:45,smoke,0.3256925296783447,0.615
2026-02-07 13:04:45,smoke,0.3256925296783447,0.6150000000000001
2026-02-07 13:04:45,smoke,0.3313263368606567,0.7050000000000001
2026-02-07 13:04:45,smoke,0.3313263368606567,0.72
2026-02-07 13:04:45,smoke,0.3313263368606567,0.65
2026-02-07 13:04:45,smoke,0.3501668167114258,0.675
2026-02-07 13:04:45,smoke,0.3501668167114258,0.645
2026-02-07 13:04:45,smoke,0.3501668167114258,0.605
2026-02-07 13:04:45,smoke,0.3307853412628174,0.8
2026-02-07 13:04:45,smoke,0.3307853412628174,0.62
2026-02-07 13:04:45,smoke,0.3307853412628174,0.675
2026-02-07 13:04:46,smoke,0.340587944984436,0.665
2026-02-07 13:04:46,smoke,0.340587944984436,0.56
2026-02-07 13:04:46,smoke,0.340587944984436,0.5900000000000001
2026-02-07 13:04:46,smoke,0.35069837093353273,0.685
2026-02-07 13:04:46,smoke,0.35069837093353273,0.63
2026-02-07 13:04:46,smoke,0.35069837093353273,0.65
2026-02-07 13:04:46,smoke,0.3395522546768188,0.66
2026-02-07 13:04:46,smoke,0.3395522546768188,0.655
2026-02-07 13:04:46,smoke,0.3395522546768188,0.675
2026-02-07 13:04:46,smoke,0.3310454082489014,0.5900000000000001
2026-02-07 13:04:46,smoke,0.3310454082489014,0.625
2026-02-07 13:04:46,smoke,0.3310454082489014,0.54
2026-02-07 13:04:46,smoke,0.34532157897949217,0.665
2026-02-07 13:04:46,smoke,0.34532157897949217,0.765
2026-02-07 13:04:46,smoke,0.34532157897949217,0.7450000000000001
2026-02-07 13:04:47,smoke,0.34488272190093994,0.715
2026-02-07 13:04:47,smoke,0.34488272190093994,0.5950000000000001
2026-02-07 13:04:47,smoke,0.34488272190093994,0.615
2026-02-07 13:04:47,smoke,0.360459132194519,0.65
2026-02-07 13:04:47,smoke,0.360459132194519,0.53
2026-02-07 13:04:47,smoke,0.360459132194519,0.5700000000000001
2026-02-07 13:04:47,smoke,0.35553500175476077,0.63
2026-02-07 13:04:47,smoke,0.35553500175476077,0.64
2026-02-07 13:04:47,smoke,0.35553500175476077,0.5700000000000001
2026-02-07 13:04:47,smoke,0.36171626567840576,0.625
2026-02-07 13:04:47,smoke,0.36171626567840576,0.665
2026-02-07 13:04:47,smoke,0.36171626567840576,0.7100000000000001
2026-02-07 13:04:47,smoke,0.3603053045272827,0.66
2026-02-07 13:04:47,smoke,0.3603053045272827,0.73
2026-02-07 13:04:47,smoke,0.3603053045272827,0.5800000000000001
2026-02-07 13:04:48,smoke,0.35611345291137697,0.5900000000000001
2026-02-07 13:04:48,smoke,0.35611345291137697,0.7650000000000001
2026-02-07 13:04:48,smoke,0.35611345291137697,0.67
2026-02-07 13:04:48,smoke,0.3693686437606812,0.66
2026-02-07 13:04:48,smoke,0.3693686437606812,0.675
2026-02-07 13:04:48,smoke,0.3693686437606812,0.7100000000000001
2026-02-07 13:04:48,smoke,0.3666703653335571,0.68
2026-02-07 13:04:48,smoke,0.3666703653335571,0.5900000000000001
2026-02-07 13:04:48,smoke,0.3666703653335571,0.59
2026-02-07 13:04:48,smoke,0.36462428092956545,0.7350000000000001
2026-02-07 13:04:48,smoke,0.36462428092956545,0.5650000000000001
2026-02-07 13:04:48,smoke,0.36462428092956545,0.595
2026-02-07 13:04:48,smoke,0.3503263425827026,0.495
2026-02-07 13:04:48,smoke,0.3503263425827026,0.6400000000000001
2026-02-07 13:04:48,smoke,0.3503263425827026,0.66
2026-02-07 13:04:49,smoke,0.33399476528167726,0.7100000000000001
2026-02-07 13:04:49,smoke,0.33399476528167726,0.535
2026-02-07 13:04:49,smoke,0.33399476528167726,0.7050000000000001
2026-02-07 13:04:49,smoke,0.34959342002868654,0.625
2026-02-07 13:04:49,smoke,0.34959342002868654,0.665
2026-02-07 13:04:49,smoke,0.34959342002868654,0.5700000000000001
2026-02-07 13:04:49,smoke,0.3576941442489624,0.56
2026-02-07 13:04:49,smoke,0.3576941442489624,0.52
2026-02-07 13:04:49,smoke,0.3576941442489624,0.75
2026-02-07 13:04:49,smoke,0.37093338489532474,0.555
2026-02-07 13:04:49,smoke,0.37093338489532474,0.66
2026-02-07 13:04:49,smoke,0.37093338489532474,0.6100000000000001
2026-02-07 13:04:49,smoke,0.36640285968780517,0.645
2026-02-07 13:04:49,smoke,0.36640285968780517,0.645
2026-02-07 13:04:49,smoke,0.36640285968780517,0.535
2026-02-07 13:04:50,smoke,0.36300398826599123,0.65
2026-02-07 13:04:50,smoke,0.36300398826599123,0.7550000000000001
2026-02-07 13:04:50,smoke,0.36300398826599123,0.705
2026-02-07 13:04:50,smoke,0.36877965450286865,0.65
2026-02-07 13:04:50,smoke,0.36877965450286865,0.735
2026-02-07 13:04:50,smoke,0.36877965450286865,0.79
2026-02-07 13:04:50,smoke,0.35359754085540773,0.61
2026-02-07 13:04:50,smoke,0.35359754085540773,0.685
2026-02-07 13:04:50,smoke,0.35359754085540773,0.5950000000000001
2026-02-07 13:04:50,smoke,0.3593390655517578,0.6100000000000001
2026-02-07 13:04:50,smoke,0.3593390655517578,0.6300000000000001
2026-02-07 13:04:50,smoke,0.3593390655517578,0.6000000000000001
2026-02-07 13:04:50,smoke,0.36406890869140623,0.605
2026-02-07 13:04:50,smoke,0.36406890869140623,0.515
2026-02-07 13:04:50,smoke,0.36406890869140623,0.56
2026-02-07 13:04:51,smoke,0.3469165515899658,0.565
2026-02-07 13:04:51,smoke,0.3469165515899658,0.685
2026-02-07 13:04:51,smoke,0.3469165515899658,0.625
2026-02-07 13:04:51,smoke,0.33731042861938476,0.49
2026-02-07 13:04:51,smoke,0.33731042861938476,0.61
2026-02-07 13:04:51,smoke,0.33731042861938476,0.6200000000000001
2026-02-07 13:04:51,smoke,0.35389880657196043,0.5800000000000001
2026-02-07 13:04:51,smoke,0.35389880657196043,0.51
2026-02-07 13:04:51,smoke,0.35389880657196043,0.7650000000000001
2026-02-07 13:04:51,smoke,0.35873703479766844,0.545
2026-02-07 13:04:51,smoke,0.35873703479766844,0.605
2026-02-07 13:04:51,smoke,0.35873703479766844,0.815
2026-02-07 13:04:51,smoke,0.34682688236236575,0.71
2026-02-07 13:04:51,smoke,0.34682688236236575,0.685
2026-02-07 13:04:51,smoke,0.34682688236236575,0.6600000000000001
2026-02-07 13:04:52,smoke,0.35664796352386474,0.6000000000000001
2026-02-07 13:04:52,smoke,0.35664796352386474,0.71
2026-02-07 13:04:52,smoke,0.35664796352386474,0.66
2026-02-07 13:04:52,smoke,0.3580520820617676,0.585
2026-02-07 13:04:52,smoke,0.3580520820617676,0.74
2026-02-07 13:04:52,smoke,0.3580520820617676,0.61
2026-02-07 13:04:52,smoke,0.36491076469421385,0.655
2026-02-07 13:04:52,smoke,0.36491076469421385,0.555
2026-02-07 13:04:52,smoke,0.36491076469421385,0.74
2026-02-07 13:04:52,smoke,0.36131872653961183,0.525
2026-02-07 13:04:52,smoke,0.36131872653961183,0.605
2026-02-07 13:04:52,smoke,0.36131872653961183,0.535
2026-02-07 13:04:52,smoke,0.3589697074890137,0.595
2026-02-07 13:04:52,smoke,0.3589697074890137,0.5650000000000001
2026-02-07 13:04:52,smoke,0.3589697074890137,0.65
2026-02-07 13:04:52,smoke,0.35816063404083254,0.685
2026-02-07 13:04:53,smoke,0.35816063404083254,0.555
2026-02-07 13:04:53,smoke,0.35816063404083254,0.595
2026-02-07 13:04:53,smoke,0.3404622983932495,0.7
2026-02-07 13:04:53,smoke,0.3404622983932495,0.7150000000000001
2026-02-07 13:04:53,smoke,0.3404622983932495,0.55
2026-02-07 13:04:53,smoke,0.3463164520263672,0.64
2026-02-07 13:04:53,smoke,0.3463164520263672,0.555
2026-02-07 13:04:53,smoke,0.3463164520263672,0.6799999999999999
2026-02-07 13:04:53,smoke,0.3486830425262451,0.65
2026-02-07 13:04:53,smoke,0.3486830425262451,0.65
2026-02-07 13:04:53,smoke,0.3486830425262451,0.545
2026-02-07 13:04:53,smoke,0.34815856933593753,0.6799999999999999
2026-02-07 13:04:53,smoke,0.34815856933593753,0.67
2026-02-07 13:04:53,smoke,0.34815856933593753,0.625
2026-02-07 13:04:53,smoke,0.35126132488250733,0.5700000000000001
2026-02-07 13:04:54,smoke,0.35126132488250733,0.7400000000000001
2026-02-07 13:04:54,smoke,0.35126132488250733,0.615
2026-02-07 13:04:54,smoke,0.3328180503845215,0.7750000000000001
2026-02-07 13:04:54,smoke,0.3328180503845215,0.5900000000000001
2026-02-07 13:04:54,smoke,0.3328180503845215,0.675
2026-02-07 13:04:54,smoke,0.3426985454559326,0.655
2026-02-07 13:04:54,smoke,0.3426985454559326,0.65
2026-02-07 13:04:54,smoke,0.3426985454559326,0.74
2026-02-07 13:04:54,smoke,0.34834036350250247,0.5750000000000001
2026-02-07 13:04:54,smoke,0.34834036350250247,0.64
2026-02-07 13:04:54,smoke,0.34834036350250247,0.7050000000000001
2026-02-07 13:04:54,smoke,0.3462282371520996,0.665
2026-02-07 13:04:54,smoke,0.3462282371520996,0.5800000000000001
2026-02-07 13:04:54,smoke,0.3462282371520996,0.655
2026-02-07 13:04:54,smoke,0.32258731842041016,0.7250000000000001
2026-02-07 13:04:54,smoke,0.32258731842041016,0.625
2026-02-07 13:04:55,smoke,0.32258731842041016,0.62
2026-02-07 13:04:55,smoke,0.3086922836303711,0.63
2026-02-07 13:04:55,smoke,0.3086922836303711,0.615
2026-02-07 13:04:55,smoke,0.3086922836303711,0.64
2026-02-07 13:04:55,smoke,0.2986731004714966,0.65
2026-02-07 13:04:55,smoke,0.2986731004714966,0.7250000000000001
2026-02-07 13:04:55,smoke,0.2986731004714966,0.815
2026-02-07 13:04:55,smoke,0.29859506607055664,0.61
2026-02-07 13:04:55,smoke,0.29859506607055664,0.6500000000000001
2026-02-07 13:04:55,smoke,0.29859506607055664,0.675
2026-02-07 13:04:55,smoke,0.30195514678955077,0.5800000000000001
2026-02-07 13:04:55,smoke,0.30195514678955077,0.5750000000000001
2026-02-07 13:04:55,smoke,0.30195514678955077,0.5850000000000001
2026-02-07 13:04:55,smoke,0.28569223403930666,0.595
2026-02-07 13:04:55,smoke,0.28569223403930666,0.625
2026-02-07 13:04:55,smoke,0.28569223403930666,0.6500000000000001
2026-02-07 13:04:56,smoke,0.309405632019043,0.655
2026-02-07 13:04:56,smoke,0.309405632019043,0.655
2026-02-07 13:04:56,smoke,0.309405632019043,0.7250000000000001
2026-02-07 13:04:56,smoke,0.2890307855606079,0.685
2026-02-07 13:04:56,smoke,0.2890307855606079,0.545
2026-02-07 13:04:56,smoke,0.2890307855606079,0.645
2026-02-07 13:04:56,smoke,0.26707767963409423,0.63
2026-02-07 13:04:56,smoke,0.26707767963409423,0.64
2026-02-07 13:04:56,smoke,0.26707767963409423,0.66
2026-02-07 13:04:56,smoke,0.28441581249237063,0.66
2026-02-07 13:04:56,smoke,0.28441581249237063,0.525
2026-02-07 13:04:56,smoke,0.28441581249237063,0.625
2026-02-07 13:04:56,smoke,0.2922768783569336,0.6000000000000001
2026-02-07 13:04:56,smoke,0.2922768783569336,0.68
2026-02-07 13:04:57,smoke,0.2922768783569336,0.655
2026-02-07 13:04:57,smoke,0.3102655839920044,0.66
2026-02-07 13:04:57,smoke,0.3102655839920044,0.5700000000000001
2026-02-07 13:04:57,smoke,0.3102655839920044,0.5650000000000001
2026-02-07 13:04:57,smoke,0.30765153884887697,0.63
2026-02-07 13:04:57,smoke,0.30765153884887697,0.6200000000000001
2026-02-07 13:04:57,smoke,0.30765153884887697,0.655
2026-02-07 13:04:57,smoke,0.31561522006988524,0.735
2026-02-07 13:04:57,smoke,0.31561522006988524,0.605
2026-02-07 13:04:57,smoke,0.31561522006988524,0.675
2026-02-07 13:04:57,smoke,0.2996349763870239,0.535
2026-02-07 13:04:57,smoke,0.2996349763870239,0.62
2026-02-07 13:04:57,smoke,0.2996349763870239,0.69
2026-02-07 13:04:57,smoke,0.29814576625823974,0.615
2026-02-07 13:04:57,smoke,0.29814576625823974,0.64
2026-02-07 13:04:58,smoke,0.29814576625823974,0.605
2026-02-07 13:04:58,fire,0.2891694021224976,0.63
2026-02-07 13:04:58,fire,0.2891694021224976,0.75
2026-02-07 13:04:58,fire,0.2891694021224976,0.6950000000000001
2026-02-07 13:04:58,smoke,0.2970902156829834,0.55
2026-02-07 13:04:58,smoke,0.2970902156829834,0.8200000000000001
2026-02-07 13:04:58,smoke,0.2970902156829834,0.7250000000000001
2026-02-07 13:04:58,smoke,0.29901690006256104,0.62
2026-02-07 13:04:58,smoke,0.29901690006256104,0.625
2026-02-07 13:04:58,smoke,0.29901690006256104,0.68
2026-02-07 13:04:58,fire,0.31409053325653075,0.55
2026-02-07 13:04:58,fire,0.31409053325653075,0.7
2026-02-07 13:04:58,fire,0.31409053325653075,0.7700000000000001
2026-02-07 13:04:58,smoke,0.30791277408599854,0.645
2026-02-07 13:04:58,smoke,0.30791277408599854,0.8
2026-02-07 13:04:58,smoke,0.30791277408599854,0.6950000000000001
2026-02-07 13:04:59,smoke,0.2921858501434326,0.635
2026-02-07 13:04:59,smoke,0.2921858501434326,0.525
2026-02-07 13:04:59,smoke,0.2921858501434326,0.7050000000000001
2026-02-07 13:04:59,fire,0.30249948024749757,0.7050000000000001
2026-02-07 13:04:59,fire,0.30249948024749757,0.7450000000000001
2026-02-07 13:04:59,fire,0.30249948024749757,0.7150000000000001
2026-02-07 13:04:59,fire,0.2864432525634766,0.685
2026-02-07 13:04:59,fire,0.2864432525634766,0.5650000000000001
2026-02-07 13:04:59,fire,0.2864432525634766,0.7500000000000001
2026-02-07 13:04:59,fire,0.2599911165237427,0.6100000000000001
2026-02-07 13:04:59,fire,0.2599911165237427,0.6600000000000001
2026-02-07 13:04:59,fire,0.2599911165237427,0.615
2026-02-07 13:04:59,fire,0.26940457344055174,0.5800000000000001
2026-02-07 13:04:59,fire,0.26940457344055174,0.5800000000000001
2026-02-07 13:04:59,fire,0.26940457344055174,0.7050000000000001
2026-02-07 13:05:00,fire,0.28287076473236084,0.6300000000000001
2026-02-07 13:05:00,fire,0.28287076473236084,0.585
2026-02-07 13:05:00,fire,0.28287076473236084,0.815
2026-02-07 13:05:00,smoke,0.28492249965667726,0.56
2026-02-07 13:05:00,smoke,0.28492249965667726,0.635
2026-02-07 13:05:00,smoke,0.28492249965667726,0.7200000000000001
2026-02-07 13:05:00,smoke,0.2538188171386719,0.535
2026-02-07 13:05:00,smoke,0.2538188171386719,0.55
2026-02-07 13:05:00,smoke,0.2538188171386719,0.545
2026-02-07 13:05:00,smoke,0.2765458059310913,0.5750000000000001
2026-02-07 13:05:00,smoke,0.2765458059310913,0.555
2026-02-07 13:05:00,smoke,0.2765458059310913,0.6900000000000001
2026-02-07 13:05:00,fire,0.30253188133239745,0.685
2026-02-07 13:05:00,fire,0.30253188133239745,0.62
2026-02-07 13:05:00,fire,0.30253188133239745,0.675
2026-02-07 13:05:00,fire,0.31633615016937255,0.645
2026-02-07 13:05:00,fire,0.31633615016937255,0.7250000000000001
2026-02-07 13:05:01,fire,0.31633615016937255,0.65
2026-02-07 13:05:01,smoke,0.32144674777984616,0.66
2026-02-07 13:05:01,smoke,0.32144674777984616,0.6000000000000001
2026-02-07 13:05:01,smoke,0.32144674777984616,0.585
2026-02-07 13:05:01,smoke,0.3309266996383667,0.8049999999999999
2026-02-07 13:05:01,smoke,0.3309266996383667,0.6100000000000001
2026-02-07 13:05:01,smoke,0.3309266996383667,0.6699999999999999
2026-02-07 13:05:01,smoke,0.32478439331054687,0.7200000000000001
2026-02-07 13:05:01,smoke,0.32478439331054687,0.7200000000000001
2026-02-07 13:05:01,smoke,0.32478439331054687,0.65
2026-02-07 13:05:01,smoke,0.3121541213989258,0.595
2026-02-07 13:05:01,smoke,0.3121541213989258,0.52
2026-02-07 13:05:01,smoke,0.3121541213989258,0.65
2026-02-07 13:05:01,smoke,0.3336757135391235,0.7050000000000001
2026-02-07 13:05:01,smoke,0.3336757135391235,0.645
2026-02-07 13:05:01,smoke,0.3336757135391235,0.815
2026-02-07 13:05:02,smoke,0.31733099937438963,0.605
2026-02-07 13:05:02,smoke,0.31733099937438963,0.7200000000000001
2026-02-07 13:05:02,smoke,0.31733099937438963,0.56
2026-02-07 13:14:13,fire,0.289595742225647,0.655
2026-02-07 13:14:15,fire,0.24792956829071044,0.66
2026-02-07 13:14:15,fire,0.24792956829071044,0.7050000000000001
2026-02-07 13:14:15,fire,0.24792956829071044,0.5
2026-02-07 13:14:15,fire,0.2680211019515991,0.71
2026-02-07 13:14:15,fire,0.2680211019515991,0.7000000000000001
2026-02-07 13:14:15,fire,0.2680211019515991,0.7649999999999999
2026-02-07 13:14:15,fire,0.2789676380157471,0.5800000000000001
2026-02-07 13:14:15,fire,0.2789676380157471,0.74
2026-02-07 13:14:15,fire,0.2789676380157471,0.6599999999999999
2026-02-07 13:14:15,fire,0.26834051132202147,0.755
2026-02-07 13:14:16,fire,0.26834051132202147,0.6200000000000001
2026-02-07 13:14:16,fire,0.26834051132202147,0.7200000000000001
2026-02-07 13:14:16,fire,0.2044581604003906,0.66
2026-02-07 13:14:16,fire,0.2044581604003906,0.6100000000000001
2026-02-07 13:14:16,fire,0.2044581604003906,0.61
2026-02-07 13:14:16,fire,0.33918253898620604,0.7200000000000001
2026-02-07 13:14:16,fire,0.33918253898620604,0.6050000000000001
2026-02-07 13:14:16,fire,0.33918253898620604,0.7650000000000001
2026-02-07 13:14:16,fire,0.27779829025268554,0.64
2026-02-07 13:14:16,fire,0.27779829025268554,0.775
2026-02-07 13:14:16,fire,0.27779829025268554,0.605
2026-02-07 13:14:16,fire,0.22337700843811037,0.64
2026-02-07 13:14:17,fire,0.22337700843811037,0.6599999999999999
2026-02-07 13:14:17,fire,0.22337700843811037,0.675
2026-02-07 13:14:17,fire,0.31395406246185303,0.5850000000000001
2026-02-07 13:14:17,fire,0.31395406246185303,0.7
2026-02-07 13:14:17,fire,0.31395406246185303,0.67
2026-02-07 13:14:17,fire,0.2762269449234009,0.68
2026-02-07 13:14:17,fire,0.2762269449234009,0.7150000000000001
2026-02-07 13:14:17,fire,0.2762269449234009,0.7350000000000001
2026-02-07 13:14:17,fire,0.19234778404235842,0.68
2026-02-07 13:14:17,fire,0.19234778404235842,0.71
2026-02-07 13:14:17,fire,0.19234778404235842,0.6400000000000001
2026-02-07 13:14:17,fire,0.23693780422210692,0.7350000000000001
2026-02-07 13:14:17,fire,0.23693780422210692,0.655
2026-02-07 13:14:17,fire,0.23693780422210692,0.7250000000000001
2026-02-07 13:14:18,fire,0.23017683744430545,0.835
2026-02-07 13:14:18,fire,0.23017683744430545,0.66
2026-02-07 13:14:18,fire,0.23017683744430545,0.535
2026-02-07 13:14:18,fire,0.3490085315704346,0.55
2026-02-07 13:14:18,fire,0.3490085315704346,0.685
2026-02-07 13:14:18,fire,0.3490085315704346,0.65
2026-02-07 13:14:18,fire,0.1787986469268799,0.64
2026-02-07 13:14:18,fire,0.1787986469268799,0.7
2026-02-07 13:14:18,fire,0.1787986469268799,0.5800000000000001
2026-02-07 13:14:18,fire,0.27648894309997557,0.555
2026-02-07 13:14:18,fire,0.27648894309997557,0.6
2026-02-07 13:14:18,fire,0.27648894309997557,0.65
2026-02-07 13:14:19,fire,0.3481056880950928,0.71
2026-02-07 13:14:19,fire,0.3481056880950928,0.7200000000000001
2026-02-07 13:14:19,fire,0.3481056880950928,0.56
2026-02-07 13:14:19,fire,0.337010498046875,0.585
2026-02-07 13:14:19,fire,0.337010498046875,0.7500000000000001
2026-02-07 13:14:19,fire,0.337010498046875,0.6900000000000001
2026-02-07 13:14:19,fire,0.3157118988037109,0.62
2026-02-07 13:14:19,fire,0.3157118988037109,0.7100000000000001
2026-02-07 13:14:19,fire,0.3157118988037109,0.66
2026-02-07 13:14:19,fire,0.34589781284332277,0.74
2026-02-07 13:14:19,fire,0.34589781284332277,0.595
2026-02-07 13:14:19,fire,0.34589781284332277,0.7200000000000001
2026-02-07 13:14:20,fire,0.2173857402801514,0.5850000000000001
2026-02-07 13:14:20,fire,0.2173857402801514,0.675
2026-02-07 13:14:20,fire,0.2173857402801514,0.7350000000000001
2026-02-07 13:14:20,fire,0.25839747905731203,0.7
2026-02-07 13:14:20,fire,0.25839747905731203,0.7150000000000001
2026-02-07 13:14:20,fire,0.25839747905731203,0.505
2026-02-07 13:14:20,fire,0.21533244371414184,0.66
2026-02-07 13:14:20,fire,0.21533244371414184,0.76
2026-02-07 13:14:20,fire,0.21533244371414184,0.675
2026-02-07 13:14:20,fire,0.34642548084259034,0.77
2026-02-07 13:14:20,fire,0.34642548084259034,0.625
2026-02-07 13:14:20,fire,0.34642548084259034,0.655
2026-02-07 13:14:20,fire,0.23921139955520632,0.8299999999999998
2026-02-07 13:14:21,fire,0.23921139955520632,0.5900000000000001
2026-02-07 13:14:21,fire,0.23921139955520632,0.675
2026-02-07 13:14:21,fire,0.27982582569122316,0.75
2026-02-07 13:14:21,fire,0.27982582569122316,0.7000000000000001
2026-02-07 13:14:21,fire,0.27982582569122316,0.6000000000000001
2026-02-07 13:14:21,fire,0.30939568996429445,0.615
2026-02-07 13:14:21,fire,0.30939568996429445,0.53
2026-02-07 13:14:21,fire,0.30939568996429445,0.6950000000000001
2026-02-07 13:14:21,fire,0.21957246780395506,0.555
2026-02-07 13:14:21,fire,0.21957246780395506,0.68
2026-02-07 13:14:21,fire,0.21957246780395506,0.615
2026-02-07 13:14:21,fire,0.3298991394042969,0.53
2026-02-07 13:14:21,fire,0.3298991394042969,0.62
2026-02-07 13:14:21,fire,0.3298991394042969,0.7649999999999999
2026-02-07 13:14:22,fire,0.2656949710845947,0.6950000000000001
2026-02-07 13:14:22,fire,0.2656949710845947,0.7
2026-02-07 13:14:22,fire,0.2656949710845947,0.595
2026-02-07 13:14:22,fire,0.279176230430603,0.59
2026-02-07 13:14:22,fire,0.279176230430603,0.63
2026-02-07 13:14:22,fire,0.279176230430603,0.77
2026-02-07 13:14:22,fire,0.2910033655166626,0.73
2026-02-07 13:14:22,fire,0.2910033655166626,0.52
2026-02-07 13:14:22,fire,0.2910033655166626,0.65
2026-02-07 13:14:22,fire,0.22029882192611694,0.67
2026-02-07 13:14:22,fire,0.22029882192611694,0.5750000000000001
2026-02-07 13:14:22,fire,0.22029882192611694,0.645
2026-02-07 13:14:23,fire,0.31549777507781984,0.7100000000000001
2026-02-07 13:14:23,fire,0.31549777507781984,0.7799999999999999
2026-02-07 13:14:23,fire,0.31549777507781984,0.5549999999999999
2026-02-07 13:14:23,fire,0.34123117446899415,0.75
2026-02-07 13:14:23,fire,0.34123117446899415,0.625
2026-02-07 13:14:23,fire,0.34123117446899415,0.74
2026-02-07 13:14:23,fire,0.3284298849105835,0.7
2026-02-07 13:14:23,fire,0.3284298849105835,0.635
2026-02-07 13:14:23,fire,0.3284298849105835,0.8200000000000001
2026-02-07 13:14:23,fire,0.2909454536437988,0.5950000000000001
2026-02-07 13:14:23,fire,0.2909454536437988,0.665
2026-02-07 13:14:23,fire,0.2909454536437988,0.615
2026-02-07 13:14:24,fire,0.33501829624176027,0.685
2026-02-07 13:14:24,fire,0.33501829624176027,0.7100000000000001
2026-02-07 13:14:24,fire,0.33501829624176027,0.5650000000000001
2026-02-07 13:14:24,fire,0.2875959348678589,0.605
2026-02-07 13:14:24,fire,0.2875959348678589,0.7250000000000001
2026-02-07 13:14:24,fire,0.2875959348678589,0.6100000000000001
2026-02-07 13:14:24,fire,0.29492592334747314,0.775
2026-02-07 13:14:24,fire,0.29492592334747314,0.7050000000000001
2026-02-07 13:14:24,fire,0.29492592334747314,0.66
2026-02-07 13:14:24,fire,0.28972951889038084,0.77
2026-02-07 13:14:24,fire,0.28972951889038084,0.7300000000000001
2026-02-07 13:14:25,fire,0.28972951889038084,0.685
2026-02-07 13:14:25,fire,0.2819224786758423,0.655
2026-02-07 13:14:25,fire,0.2819224786758423,0.5800000000000001
2026-02-07 13:14:25,fire,0.2819224786758423,0.6
2026-02-07 13:14:25,fire,0.21800019264221193,0.5750000000000001
2026-02-07 13:14:25,fire,0.21800019264221193,0.675
2026-02-07 13:14:25,fire,0.21800019264221193,0.67
2026-02-07 13:14:25,fire,0.2594621133804321,0.7200000000000001
2026-02-07 13:14:25,fire,0.2594621133804321,0.6250000000000001
2026-02-07 13:14:25,fire,0.2594621133804321,0.635
2026-02-07 13:14:25,fire,0.2800817680358887,0.63
2026-02-07 13:14:26,fire,0.2800817680358887,0.625
2026-02-07 13:14:26,fire,0.2800817680358887,0.6000000000000001
2026-02-07 13:14:26,fire,0.2578088712692261,0.645
2026-02-07 13:14:26,fire,0.2578088712692261,0.525
2026-02-07 13:14:26,fire,0.2578088712692261,0.7450000000000001
2026-02-07 13:14:26,fire,0.19608416080474855,0.685
2026-02-07 13:14:26,fire,0.19608416080474855,0.61
2026-02-07 13:14:26,fire,0.19608416080474855,0.665
2026-02-07 13:14:26,fire,0.2493097734451294,0.67
2026-02-07 13:14:26,fire,0.2493097734451294,0.625
2026-02-07 13:14:26,fire,0.2493097734451294,0.56
2026-02-07 13:14:27,fire,0.29959463596343994,0.605
2026-02-07 13:14:27,fire,0.29959463596343994,0.7449999999999999
2026-02-07 13:14:27,fire,0.29959463596343994,0.62
2026-02-07 13:14:27,fire,0.2938881826400757,0.7
2026-02-07 13:14:27,fire,0.2938881826400757,0.6950000000000001
2026-02-07 13:14:27,fire,0.2938881826400757,0.77
2026-02-07 13:14:27,fire,0.23382331848144533,0.65
2026-02-07 13:14:27,fire,0.23382331848144533,0.7899999999999999
2026-02-07 13:14:27,fire,0.23382331848144533,0.6950000000000001
2026-02-07 13:14:27,fire,0.3470662546157837,0.54
2026-02-07 13:14:27,fire,0.3470662546157837,0.6200000000000001
2026-02-07 13:14:27,fire,0.3470662546157837,0.635
2026-02-07 13:14:29,fire,0.28951353549957276,0.5549999999999999
2026-02-07 13:14:30,fire,0.24782921791076662,0.67
2026-02-07 13:14:30,fire,0.24782921791076662,0.615
2026-02-07 13:14:30,fire,0.24782921791076662,0.745
2026-02-07 13:14:31,fire,0.26798898696899415,0.6000000000000001
2026-02-07 13:14:31,fire,0.26798898696899415,0.7050000000000001
2026-02-07 13:14:31,fire,0.26798898696899415,0.6900000000000001
2026-02-07 13:14:31,fire,0.27883276462554935,0.645
2026-02-07 13:14:31,fire,0.27883276462554935,0.815
2026-02-07 13:14:31,fire,0.27883276462554935,0.5800000000000001
2026-02-07 13:14:31,fire,0.26860856533050537,0.595
2026-02-07 13:14:31,fire,0.26860856533050537,0.6100000000000001
2026-02-07 13:14:31,fire,0.26860856533050537,0.505
2026-02-07 13:14:31,fire,0.20440314531326292,0.67
2026-02-07 13:14:31,fire,0.20440314531326292,0.685
2026-02-07 13:14:31,fire,0.20440314531326292,0.7250000000000001
2026-02-07 13:14:32,fire,0.3391617727279663,0.6950000000000001
2026-02-07 13:14:32,fire,0.3391617727279663,0.545
2026-02-07 13:14:32,fire,0.3391617727279663,0.665
2026-02-07 13:14:32,fire,0.27779571533203123,0.605
2026-02-07 13:14:32,fire,0.27779571533203123,0.7150000000000001
2026-02-07 13:14:32,fire,0.27779571533203123,0.64
2026-02-07 13:14:32,fire,0.22350483655929565,0.635
2026-02-07 13:14:32,fire,0.22350483655929565,0.5800000000000001
2026-02-07 13:14:32,fire,0.22350483655929565,0.645
2026-02-07 13:14:32,fire,0.3137410354614258,0.635
2026-02-07 13:14:32,fire,0.3137410354614258,0.615
2026-02-07 13:14:32,fire,0.3137410354614258,0.74
2026-02-07 13:14:33,fire,0.2757889223098755,0.665
2026-02-07 13:14:33,fire,0.2757889223098755,0.69
2026-02-07 13:14:33,fire,0.2757889223098755,0.6950000000000001
2026-02-07 13:14:33,fire,0.1925235342979431,0.61
2026-02-07 13:14:33,fire,0.1925235342979431,0.675
2026-02-07 13:14:33,fire,0.1925235342979431,0.575
2026-02-07 13:14:33,fire,0.2368899178504944,0.7150000000000001
2026-02-07 13:14:33,fire,0.2368899178504944,0.585
2026-02-07 13:14:33,fire,0.2368899178504944,0.64
2026-02-07 13:14:33,fire,0.22993632078170778,0.62
2026-02-07 13:14:33,fire,0.22993632078170778,0.68
2026-02-07 13:14:33,fire,0.22993632078170778,0.625
2026-02-07 13:14:34,fire,0.3489978265762329,0.73
2026-02-07 13:14:34,fire,0.3489978265762329,0.7400000000000001
2026-02-07 13:14:34,fire,0.3489978265762329,0.715
2026-02-07 13:14:34,fire,0.17882824659347535,0.665
2026-02-07 13:14:34,fire,0.17882824659347535,0.7050000000000001
2026-02-07 13:14:34,fire,0.17882824659347535,0.7700000000000001
2026-02-07 13:14:34,fire,0.276533694267273,0.7200000000000001
2026-02-07 13:14:34,fire,0.276533694267273,0.63
2026-02-07 13:14:34,fire,0.276533694267273,0.575
2026-02-07 13:14:34,fire,0.3481040191650391,0.7400000000000001
2026-02-07 13:14:34,fire,0.3481040191650391,0.56
2026-02-07 13:14:34,fire,0.3481040191650391,0.7500000000000001
2026-02-07 13:14:35,fire,0.3370055150985718,0.69
2026-02-07 13:14:35,fire,0.3370055150985718,0.7000000000000001
2026-02-07 13:14:35,fire,0.3370055150985718,0.685
2026-02-07 13:14:35,fire,0.3156872224807739,0.5650000000000001
2026-02-07 13:14:35,fire,0.3156872224807739,0.6900000000000001
2026-02-07 13:14:35,fire,0.3156872224807739,0.56
2026-02-07 13:14:35,fire,0.3458577585220337,0.685
2026-02-07 13:14:35,fire,0.3458577585220337,0.76
2026-02-07 13:14:35,fire,0.3458577585220337,0.6
2026-02-07 13:14:35,fire,0.21731564521789554,0.585
2026-02-07 13:14:35,fire,0.21731564521789554,0.675
2026-02-07 13:14:35,fire,0.21731564521789554,0.7400000000000001
2026-02-07 13:14:36,fire,0.2584941101074219,0.56
2026-02-07 13:14:36,fire,0.2584941101074219,0.655
2026-02-07 13:14:36,fire,0.2584941101074219,0.6950000000000001
2026-02-07 13:14:36,fire,0.21541049003601076,0.625
2026-02-07 13:14:36,fire,0.21541049003601076,0.66
2026-02-07 13:14:36,fire,0.21541049003601076,0.71
2026-02-07 13:14:36,fire,0.3464028310775757,0.68
2026-02-07 13:14:36,fire,0.3464028310775757,0.515
2026-02-07 13:14:36,fire,0.3464028310775757,0.645
2026-02-07 13:14:36,fire,0.23913365125656127,0.645
2026-02-07 13:14:36,fire,0.23913365125656127,0.78
2026-02-07 13:14:36,fire,0.23913365125656127,0.745
2026-02-07 13:14:37,fire,0.2797753524780274,0.565
2026-02-07 13:14:37,fire,0.2797753524780274,0.6950000000000001
2026-02-07 13:14:37,fire,0.2797753524780274,0.76
2026-02-07 13:14:37,fire,0.3091664505004883,0.54
2026-02-07 13:14:37,fire,0.3091664505004883,0.6699999999999999
2026-02-07 13:14:37,fire,0.3091664505004883,0.645
2026-02-07 13:14:37,fire,0.2196633291244507,0.565
2026-02-07 13:14:37,fire,0.2196633291244507,0.7100000000000001
2026-02-07 13:14:37,fire,0.2196633291244507,0.5800000000000001
2026-02-07 13:14:37,fire,0.32992250442504883,0.64
2026-02-07 13:14:37,fire,0.32992250442504883,0.6100000000000001
2026-02-07 13:14:37,fire,0.32992250442504883,0.6900000000000001
2026-02-07 13:14:38,fire,0.2656561803817749,0.7450000000000001
2026-02-07 13:14:38,fire,0.2656561803817749,0.7000000000000001
2026-02-07 13:14:38,fire,0.2656561803817749,0.7000000000000001
2026-02-07 13:14:38,fire,0.2791928243637085,0.7400000000000001
2026-02-07 13:14:38,fire,0.2791928243637085,0.7450000000000001
2026-02-07 13:14:38,fire,0.2791928243637085,0.7100000000000001
2026-02-07 13:14:38,fire,0.2909188222885132,0.6200000000000001
2026-02-07 13:14:38,fire,0.2909188222885132,0.69
2026-02-07 13:14:38,fire,0.2909188222885132,0.7200000000000001
2026-02-07 13:14:38,fire,0.21997690916061402,0.655
2026-02-07 13:14:38,fire,0.21997690916061402,0.7349999999999999
2026-02-07 13:14:38,fire,0.21997690916061402,0.6950000000000001
2026-02-07 13:14:39,fire,0.31543726444244385,0.7250000000000001
2026-02-07 13:14:39,fire,0.31543726444244385,0.655
2026-02-07 13:14:39,fire,0.31543726444244385,0.735
2026-02-07 13:14:39,fire,0.3411388826370239,0.6150000000000001
2026-02-07 13:14:39,fire,0.3411388826370239,0.61
2026-02-07 13:14:39,fire,0.3411388826370239,0.645
2026-02-07 13:14:39,fire,0.3282890272140503,0.5900000000000001
2026-02-07 13:14:39,fire,0.3282890272140503,0.5750000000000001
2026-02-07 13:14:39,fire,0.3282890272140503,0.65
2026-02-07 13:14:39,fire,0.29098796367645263,0.7450000000000001
2026-02-07 13:14:39,fire,0.29098796367645263,0.565
2026-02-07 13:14:39,fire,0.29098796367645263,0.675
2026-02-07 13:14:40,fire,0.33482927799224854,0.7600000000000001
2026-02-07 13:14:40,fire,0.33482927799224854,0.7250000000000001
2026-02-07 13:14:40,fire,0.33482927799224854,0.635
2026-02-07 13:14:40,fire,0.28766135692596434,0.6799999999999999
2026-02-07 13:14:40,fire,0.28766135692596434,0.675
2026-02-07 13:14:40,fire,0.28766135692596434,0.665
2026-02-07 13:14:40,fire,0.2947140645980835,0.605
2026-02-07 13:14:40,fire,0.2947140645980835,0.6050000000000001
2026-02-07 13:14:40,fire,0.2947140645980835,0.555
2026-02-07 13:14:40,fire,0.2898392629623413,0.655
2026-02-07 13:14:40,fire,0.2898392629623413,0.6200000000000001
2026-02-07 13:14:40,fire,0.2898392629623413,0.73
2026-02-07 13:14:40,fire,0.2821021509170532,0.7150000000000001
2026-02-07 13:14:41,fire,0.2821021509170532,0.62
2026-02-07 13:14:41,fire,0.2821021509170532,0.6350000000000001
2026-02-07 13:14:41,fire,0.21810746908187867,0.495
2026-02-07 13:14:41,fire,0.21810746908187867,0.5650000000000001
2026-02-07 13:14:41,fire,0.21810746908187867,0.7150000000000001
2026-02-07 13:14:41,fire,0.25950257301330565,0.525
2026-02-07 13:14:41,fire,0.25950257301330565,0.54
2026-02-07 13:14:41,fire,0.25950257301330565,0.605
2026-02-07 13:14:41,fire,0.2800806713104248,0.7050000000000001
2026-02-07 13:14:41,fire,0.2800806713104248,0.5850000000000001
2026-02-07 13:14:41,fire,0.2800806713104248,0.64
2026-02-07 13:14:41,fire,0.2578351211547852,0.6900000000000001
2026-02-07 13:14:41,fire,0.2578351211547852,0.56
2026-02-07 13:14:42,fire,0.2578351211547852,0.7750000000000001
2026-02-07 13:14:42,fire,0.19614375352859498,0.6499999999999999
2026-02-07 13:14:42,fire,0.19614375352859498,0.6699999999999999
2026-02-07 13:14:42,fire,0.19614375352859498,0.64
2026-02-07 13:14:42,fire,0.24931971549987791,0.77
2026-02-07 13:14:42,fire,0.24931971549987791,0.7650000000000001
2026-02-07 13:14:42,fire,0.24931971549987791,0.6
2026-02-07 13:14:42,fire,0.2995879125595093,0.68
2026-02-07 13:14:42,fire,0.2995879125595093,0.8199999999999998
2026-02-07 13:14:42,fire,0.2995879125595093,0.7450000000000001
2026-02-07 13:14:42,fire,0.29396225929260256,0.6900000000000001
2026-02-07 13:14:42,fire,0.29396225929260256,0.7350000000000001
2026-02-07 13:14:43,fire,0.29396225929260256,0.69
2026-02-07 13:14:43,fire,0.23382375955581663,0.67
2026-02-07 13:14:43,fire,0.23382375955581663,0.5950000000000001
2026-02-07 13:14:43,fire,0.23382375955581663,0.5900000000000001
2026-02-07 13:14:43,fire,0.3470985126495361,0.675
2026-02-07 13:14:43,fire,0.3470985126495361,0.62
2026-02-07 13:14:43,fire,0.3470985126495361,0.6200000000000001
2026-02-07 13:14:43,fire,0.29888998985290527,0.7000000000000001
2026-02-07 13:14:43,fire,0.29888998985290527,0.5900000000000001
2026-02-07 13:14:43,fire,0.29888998985290527,0.625
2026-02-07 13:14:43,fire,0.3001471471786499,0.65
2026-02-07 13:14:44,fire,0.3001471471786499,0.685
2026-02-07 13:14:44,fire,0.3001471471786499,0.54
2026-02-07 13:14:44,fire,0.32766267776489255,0.62
2026-02-07 13:14:44,fire,0.32766267776489255,0.655
2026-02-07 13:14:44,fire,0.32766267776489255,0.665
2026-02-07 13:14:44,fire,0.25848485946655275,0.64
2026-02-07 13:14:44,fire,0.25848485946655275,0.7050000000000001
2026-02-07 13:14:44,fire,0.25848485946655275,0.7150000000000001
2026-02-07 13:14:44,fire,0.32477733612060544,0.62
2026-02-07 13:14:44,fire,0.32477733612060544,0.63
2026-02-07 13:14:44,fire,0.32477733612060544,0.645
2026-02-07 13:14:44,fire,0.240578396320343,0.7700000000000001
2026-02-07 13:14:44,fire,0.240578396320343,0.62
2026-02-07 13:14:45,fire,0.240578396320343,0.5750000000000001
2026-02-07 13:14:45,fire,0.2696907234191895,0.6
2026-02-07 13:14:45,fire,0.2696907234191895,0.77
2026-02-07 13:14:45,fire,0.2696907234191895,0.825
2026-02-07 13:14:45,fire,0.29419707775115966,0.7350000000000001
2026-02-07 13:14:45,fire,0.29419707775115966,0.655
2026-02-07 13:14:45,fire,0.29419707775115966,0.5800000000000001
2026-02-07 13:14:45,fire,0.2171060633659363,0.635
2026-02-07 13:14:45,fire,0.2171060633659363,0.635
2026-02-07 13:14:45,fire,0.2171060633659363,0.7549999999999999
2026-02-07 13:14:45,fire,0.21314001798629761,0.595
2026-02-07 13:14:45,fire,0.21314001798629761,0.645
2026-02-07 13:14:45,fire,0.21314001798629761,0.795
2026-02-07 13:14:46,fire,0.3080227565765381,0.795
2026-02-07 13:14:46,fire,0.3080227565765381,0.76
2026-02-07 13:14:46,fire,0.3080227565765381,0.6799999999999999
2026-02-07 13:14:46,fire,0.20161072731018065,0.7650000000000001
2026-02-07 13:14:46,fire,0.20161072731018065,0.8200000000000001
2026-02-07 13:14:46,fire,0.20161072731018065,0.7050000000000001
2026-02-07 13:14:46,fire,0.2049011421203613,0.595
2026-02-07 13:14:46,fire,0.2049011421203613,0.7300000000000001
2026-02-07 13:14:46,fire,0.2049011421203613,0.64
2026-02-07 13:14:46,fire,0.2171638917922974,0.65
2026-02-07 13:14:46,fire,0.2171638917922974,0.68
2026-02-07 13:14:47,fire,0.2171638917922974,0.73
2026-02-07 13:14:47,fire,0.23630064249038696,0.645
2026-02-07 13:14:47,fire,0.23630064249038696,0.7050000000000001
2026-02-07 13:14:47,fire,0.23630064249038696,0.625
2026-02-07 13:14:47,fire,0.32296080112457276,0.665
2026-02-07 13:14:47,fire,0.32296080112457276,0.67
2026-02-07 13:14:47,fire,0.32296080112457276,0.77
2026-02-07 13:14:47,fire,0.31954862594604494,0.66
2026-02-07 13:14:47,fire,0.31954862594604494,0.665
2026-02-07 13:14:47,fire,0.31954862594604494,0.595
2026-02-07 13:14:47,fire,0.31967336654663087,0.7400000000000001
2026-02-07 13:14:47,fire,0.31967336654663087,0.65
2026-02-07 13:14:47,fire,0.31967336654663087,0.595
2026-02-07 13:14:48,fire,0.30066432476043703,0.665
2026-02-07 13:14:48,fire,0.30066432476043703,0.5800000000000001
2026-02-07 13:14:48,fire,0.30066432476043703,0.54
2026-02-07 13:14:48,fire,0.28559777259826663,0.655
2026-02-07 13:14:48,fire,0.28559777259826663,0.5900000000000001
2026-02-07 13:14:48,fire,0.28559777259826663,0.6950000000000001
2026-02-07 13:14:48,fire,0.2680362892150879,0.56
2026-02-07 13:14:48,fire,0.2680362892150879,0.5700000000000001
2026-02-07 13:14:48,fire,0.2680362892150879,0.635
2026-02-07 13:14:48,fire,0.27528573989868166,0.65
2026-02-07 13:14:48,fire,0.27528573989868166,0.615
2026-02-07 13:14:48,fire,0.27528573989868166,0.64
2026-02-07 13:14:48,fire,0.27890300273895263,0.665
2026-02-07 13:14:49,fire,0.27890300273895263,0.6000000000000001
2026-02-07 13:14:49,fire,0.27890300273895263,0.76
2026-02-07 13:14:49,fire,0.2917984676361084,0.715
2026-02-07 13:14:49,fire,0.2917984676361084,0.6900000000000001
2026-02-07 13:14:49,fire,0.2917984676361084,0.685
2026-02-07 13:14:49,fire,0.21288891553878786,0.53
2026-02-07 13:14:49,fire,0.21288891553878786,0.7400000000000001
2026-02-07 13:14:49,fire,0.21288891553878786,0.605
2026-02-07 13:14:49,fire,0.3187488269805908,0.55
2026-02-07 13:14:49,fire,0.3187488269805908,0.66
2026-02-07 13:14:49,fire,0.3187488269805908,0.615
2026-02-07 13:14:49,fire,0.33667959690093996,0.7100000000000001
2026-02-07 13:14:49,fire,0.33667959690093996,0.72
2026-02-07 13:14:50,fire,0.33667959690093996,0.5650000000000001
2026-02-07 13:14:50,fire,0.22962027311325073,0.585
2026-02-07 13:14:50,fire,0.22962027311325073,0.7150000000000001
2026-02-07 13:14:50,fire,0.22962027311325073,0.605
2026-02-07 13:14:50,fire,0.2272765588760376,0.73
2026-02-07 13:14:50,fire,0.2272765588760376,0.555
2026-02-07 13:14:50,fire,0.2272765588760376,0.6950000000000001
2026-02-07 13:14:50,fire,0.2332397770881653,0.69
2026-02-07 13:14:50,fire,0.2332397770881653,0.605
2026-02-07 13:14:50,fire,0.2332397770881653,0.615
2026-02-07 13:14:50,fire,0.29862346172332765,0.7250000000000001
2026-02-07 13:14:50,fire,0.29862346172332765,0.63
2026-02-07 13:14:50,fire,0.29862346172332765,0.565
2026-02-07 13:14:51,fire,0.2652796936035156,0.8299999999999998
2026-02-07 13:14:51,fire,0.2652796936035156,0.65
2026-02-07 13:14:51,fire,0.2652796936035156,0.5700000000000001
2026-02-07 13:14:51,fire,0.36165332317352294,0.7200000000000001
2026-02-07 13:14:51,fire,0.36165332317352294,0.635
2026-02-07 13:14:51,fire,0.36165332317352294,0.595
2026-02-07 13:14:51,fire,0.30621513843536374,0.77
2026-02-07 13:14:51,fire,0.30621513843536374,0.615
2026-02-07 13:14:51,fire,0.30621513843536374,0.74
2026-02-07 13:14:51,fire,0.2920121145248413,0.67
2026-02-07 13:14:51,fire,0.2920121145248413,0.7250000000000001
2026-02-07 13:14:52,fire,0.2920121145248413,0.625
2026-02-07 13:14:52,fire,0.22034219026565555,0.635
2026-02-07 13:14:52,fire,0.22034219026565555,0.6599999999999999
2026-02-07 13:14:52,fire,0.22034219026565555,0.625
2026-02-07 13:14:52,fire,0.3431749057769775,0.7050000000000001
2026-02-07 13:14:52,fire,0.3431749057769775,0.68
2026-02-07 13:14:52,fire,0.3431749057769775,0.74
2026-02-07 13:14:52,fire,0.23838718652725222,0.645
2026-02-07 13:14:52,fire,0.23838718652725222,0.605
2026-02-07 13:14:52,fire,0.23838718652725222,0.595
2026-02-07 13:14:52,fire,0.27172240734100345,0.525
2026-02-07 13:14:52,fire,0.27172240734100345,0.65
2026-02-07 13:14:53,fire,0.27172240734100345,0.645
2026-02-07 13:14:53,fire,0.273336238861084,0.6599999999999999
2026-02-07 13:14:53,fire,0.273336238861084,0.685
2026-02-07 13:14:53,fire,0.273336238861084,0.675
2026-02-07 13:14:53,fire,0.29711577415466306,0.6900000000000001
2026-02-07 13:14:53,fire,0.29711577415466306,0.685
2026-02-07 13:14:53,fire,0.29711577415466306,0.5900000000000001
2026-02-07 15:55:59,smoke,0.3345276069641113,0.69
2026-02-07 17:23:12,fire,0.3434328508377075,0.635
2026-02-07 17:23:13,fire,0.31111952781677243,0.645
2026-02-07 17:23:13,fire,0.31111952781677243,0.7250000000000001
2026-02-07 17:23:13,fire,0.31111952781677243,0.68
2026-02-07 17:23:14,fire,0.3154440832138061,0.7649999999999999
2026-02-07 17:23:14,fire,0.3154440832138061,0.7000000000000001
2026-02-07 17:23:14,fire,0.3154440832138061,0.5900000000000001
2026-02-07 17:23:14,none,0.045,0.78
2026-02-07 17:23:14,none,0.045,0.73
2026-02-07 17:23:14,none,0.045,0.685
2026-02-07 17:23:14,fire,0.18397030353546145,0.7200000000000001
2026-02-07 17:23:14,fire,0.18397030353546145,0.7200000000000001
2026-02-07 17:23:14,fire,0.18397030353546145,0.67
2026-02-07 17:23:14,fire,0.23186792850494387,0.56
2026-02-07 17:23:14,fire,0.23186792850494387,0.6200000000000001
2026-02-07 17:23:14,fire,0.23186792850494387,0.685
2026-02-07 17:23:15,fire,0.29732930183410644,0.645
2026-02-07 17:23:15,fire,0.29732930183410644,0.67
2026-02-07 17:23:15,fire,0.29732930183410644,0.675
2026-02-07 17:23:15,fire,0.34288358211517334,0.665
2026-02-07 17:23:15,fire,0.34288358211517334,0.61
2026-02-07 17:23:15,fire,0.34288358211517334,0.66
2026-02-07 17:23:15,fire,0.2822990608215332,0.7750000000000001
2026-02-07 17:23:15,fire,0.2822990608215332,0.615
2026-02-07 17:23:15,fire,0.2822990608215332,0.71
2026-02-07 17:23:15,fire,0.3016051244735718,0.655
2026-02-07 17:23:15,fire,0.3016051244735718,0.685
2026-02-07 17:23:15,fire,0.3016051244735718,0.665
2026-02-07 17:23:16,fire,0.3265077066421509,0.625
2026-02-07 17:23:16,fire,0.3265077066421509,0.605
2026-02-07 17:23:16,fire,0.3265077066421509,0.535
2026-02-07 17:23:16,fire,0.2840852451324463,0.5800000000000001
2026-02-07 17:23:16,fire,0.2840852451324463,0.665
2026-02-07 17:23:16,fire,0.2840852451324463,0.555
2026-02-07 17:23:16,fire,0.261367506980896,0.64
2026-02-07 17:23:16,fire,0.261367506980896,0.585
2026-02-07 17:23:16,fire,0.261367506980896,0.645
2026-02-07 17:23:16,fire,0.32244858264923093,0.665
2026-02-07 17:23:16,fire,0.32244858264923093,0.61
2026-02-07 17:23:17,fire,0.32244858264923093,0.545
2026-02-07 17:23:17,fire,0.22508021116256716,0.5800000000000001
2026-02-07 17:23:17,fire,0.22508021116256716,0.7550000000000001
2026-02-07 17:23:17,fire,0.22508021116256716,0.615
2026-02-07 17:23:17,none,0.045,0.66
2026-02-07 17:23:17,none,0.045,0.635
2026-02-07 17:23:17,none,0.045,0.7650000000000001
2026-02-07 17:23:17,none,0.045,0.615
2026-02-07 17:23:17,none,0.045,0.6000000000000001
2026-02-07 17:23:17,none,0.045,0.68
2026-02-07 17:23:17,none,0.045,0.6200000000000001
2026-02-07 17:23:17,none,0.045,0.72
2026-02-07 17:23:17,none,0.045,0.64
2026-02-07 17:23:18,fire,0.19401858568191527,0.5900000000000001
2026-02-07 17:23:18,fire,0.19401858568191527,0.535
2026-02-07 17:23:18,fire,0.19401858568191527,0.65
2026-02-07 17:23:18,fire,0.2515485954284668,0.595
2026-02-07 17:23:18,fire,0.2515485954284668,0.5650000000000001
2026-02-07 17:23:18,fire,0.2515485954284668,0.605
2026-02-07 17:23:18,fire,0.2100944232940674,0.62
2026-02-07 17:23:18,fire,0.2100944232940674,0.64
2026-02-07 17:23:18,fire,0.2100944232940674,0.7000000000000001
2026-02-07 17:23:18,fire,0.18453875303268436,0.6000000000000001
2026-02-07 17:23:18,fire,0.18453875303268436,0.63
2026-02-07 17:23:18,fire,0.18453875303268436,0.74
2026-02-07 17:23:19,fire,0.22882642269134523,0.7500000000000001
2026-02-07 17:23:19,fire,0.22882642269134523,0.7400000000000001
2026-02-07 17:23:19,fire,0.22882642269134523,0.54
2026-02-07 17:23:19,fire,0.27753271579742433,0.655
2026-02-07 17:23:19,fire,0.27753271579742433,0.6950000000000001
2026-02-07 17:23:19,fire,0.27753271579742433,0.665
2026-02-07 17:23:19,fire,0.23851081848144534,0.7000000000000001
2026-02-07 17:23:19,fire,0.23851081848144534,0.7450000000000001
2026-02-07 17:23:19,fire,0.23851081848144534,0.66
2026-02-07 17:23:19,fire,0.19768260240554808,0.645
2026-02-07 17:23:19,fire,0.19768260240554808,0.6100000000000001
2026-02-07 17:23:20,fire,0.19768260240554808,0.7450000000000001
2026-02-07 17:23:20,fire,0.22641021728515626,0.5700000000000001
2026-02-07 17:23:20,fire,0.22641021728515626,0.6200000000000001
2026-02-07 17:23:20,fire,0.22641021728515626,0.7050000000000001
2026-02-07 17:23:20,fire,0.18014941930770872,0.665
2026-02-07 17:23:20,fire,0.18014941930770872,0.7200000000000001
2026-02-07 17:23:20,fire,0.18014941930770872,0.555
2026-02-07 17:23:20,fire,0.22081484317779543,0.7400000000000001
2026-02-07 17:23:20,fire,0.22081484317779543,0.555
2026-02-07 17:23:20,fire,0.22081484317779543,0.755
2026-02-07 17:23:20,fire,0.2792364549636841,0.7750000000000001
2026-02-07 17:23:20,fire,0.2792364549636841,0.645
2026-02-07 17:23:21,fire,0.2792364549636841,0.7350000000000001
2026-02-07 17:23:21,fire,0.24588274478912353,0.6950000000000001
2026-02-07 17:23:21,fire,0.24588274478912353,0.585
2026-02-07 17:23:21,fire,0.24588274478912353,0.745
2026-02-07 17:23:21,fire,0.27458135604858397,0.5900000000000001
2026-02-07 17:23:21,fire,0.27458135604858397,0.66
2026-02-07 17:23:21,fire,0.27458135604858397,0.7650000000000001
2026-02-07 17:23:21,fire,0.2751875591278076,0.7050000000000001
2026-02-07 17:23:21,fire,0.2751875591278076,0.7050000000000001
2026-02-07 17:23:21,fire,0.2751875591278076,0.64
2026-02-07 17:23:21,fire,0.32030162334442136,0.7000000000000001
2026-02-07 17:23:21,fire,0.32030162334442136,0.7600000000000001
2026-02-07 17:23:22,fire,0.32030162334442136,0.5650000000000001
2026-02-07 17:23:22,fire,0.3455560398101807,0.53
2026-02-07 17:23:22,fire,0.3455560398101807,0.7150000000000001
2026-02-07 17:23:22,fire,0.3455560398101807,0.565
2026-02-07 17:23:22,fire,0.3028624248504639,0.685
2026-02-07 17:23:22,fire,0.3028624248504639,0.675
2026-02-07 17:23:22,fire,0.3028624248504639,0.64
2026-02-07 17:23:22,fire,0.28175734996795654,0.64
2026-02-07 17:23:22,fire,0.28175734996795654,0.7500000000000001
2026-02-07 17:23:22,fire,0.28175734996795654,0.615
2026-02-07 17:23:22,fire,0.21040584564208986,0.6500000000000001
2026-02-07 17:23:22,fire,0.21040584564208986,0.64
2026-02-07 17:23:23,fire,0.21040584564208986,0.675
2026-02-07 17:23:23,none,0.045,0.63
2026-02-07 17:23:23,none,0.045,0.7300000000000001
2026-02-07 17:23:23,none,0.045,0.6200000000000001
2026-02-07 17:23:23,fire,0.16770714044570922,0.7150000000000001
2026-02-07 17:23:23,fire,0.16770714044570922,0.655
2026-02-07 17:23:23,fire,0.16770714044570922,0.62
2026-02-07 17:23:23,fire,0.18140744686126709,0.595
2026-02-07 17:23:23,fire,0.18140744686126709,0.67
2026-02-07 17:23:23,fire,0.18140744686126709,0.7
2026-02-07 17:23:23,fire,0.2145921540260315,0.5700000000000001
2026-02-07 17:23:23,fire,0.2145921540260315,0.5900000000000001
2026-02-07 17:23:24,fire,0.2145921540260315,0.705
2026-02-07 17:23:24,fire,0.17559285879135134,0.665
2026-02-07 17:23:24,fire,0.17559285879135134,0.63
2026-02-07 17:23:24,fire,0.17559285879135134,0.625
2026-02-07 17:23:24,fire,0.18080574989318848,0.73
2026-02-07 17:23:24,fire,0.18080574989318848,0.64
2026-02-07 17:23:24,fire,0.18080574989318848,0.665
2026-02-07 17:23:24,fire,0.21611449241638186,0.6500000000000001
2026-02-07 17:23:24,fire,0.21611449241638186,0.635
2026-02-07 17:23:24,fire,0.21611449241638186,0.635
2026-02-07 17:23:24,fire,0.23305590867996218,0.7650000000000001
2026-02-07 17:23:24,fire,0.23305590867996218,0.81
2026-02-07 17:23:25,fire,0.23305590867996218,0.65
2026-02-07 17:23:25,fire,0.21148088693618777,0.51
2026-02-07 17:23:25,fire,0.21148088693618777,0.77
2026-02-07 17:23:25,fire,0.21148088693618777,0.685
2026-02-07 17:23:25,fire,0.22992543697357176,0.5950000000000001
2026-02-07 17:23:25,fire,0.22992543697357176,0.5800000000000001
2026-02-07 17:23:25,fire,0.22992543697357176,0.54
2026-02-07 17:23:25,fire,0.23372871398925782,0.635
2026-02-07 17:23:25,fire,0.23372871398925782,0.645
2026-02-07 17:23:25,fire,0.23372871398925782,0.65
2026-02-07 17:23:25,fire,0.23896150112152098,0.5800000000000001
2026-02-07 17:23:25,fire,0.23896150112152098,0.62
2026-02-07 17:23:26,fire,0.23896150112152098,0.68
2026-02-07 17:23:26,fire,0.2246979069709778,0.7150000000000001
2026-02-07 17:23:26,fire,0.2246979069709778,0.595
2026-02-07 17:23:26,fire,0.2246979069709778,0.6000000000000001
2026-02-07 17:23:26,fire,0.3066670370101929,0.675
2026-02-07 17:23:26,fire,0.3066670370101929,0.63
2026-02-07 17:23:26,fire,0.3066670370101929,0.7350000000000001
2026-02-07 17:23:26,fire,0.25261449337005615,0.64
2026-02-07 17:23:26,fire,0.25261449337005615,0.6000000000000001
2026-02-07 17:23:26,fire,0.25261449337005615,0.69
2026-02-07 17:23:26,fire,0.23886197328567504,0.72
2026-02-07 17:23:26,fire,0.23886197328567504,0.5650000000000001
2026-02-07 17:23:27,fire,0.23886197328567504,0.55
2026-02-07 17:23:27,fire,0.25013458251953125,0.78
2026-02-07 17:23:27,fire,0.25013458251953125,0.6900000000000001
2026-02-07 17:23:27,fire,0.25013458251953125,0.7050000000000001
2026-02-07 17:23:27,fire,0.17682971477508547,0.595
2026-02-07 17:23:27,fire,0.17682971477508547,0.6799999999999999
2026-02-07 17:23:27,fire,0.17682971477508547,0.685
2026-02-07 20:46:53,fire,0.28272294521331787,0.7749999999999999
2026-02-07 20:46:54,fire,0.2661315870285034,0.7300000000000001
2026-02-07 20:46:54,fire,0.2661315870285034,0.585
2026-02-07 20:46:54,fire,0.2661315870285034,0.64
2026-02-07 20:46:54,fire,0.2561115455627441,0.64
2026-02-07 20:46:54,fire,0.2561115455627441,0.525
2026-02-07 20:46:55,fire,0.2561115455627441,0.675
2026-02-07 20:46:55,fire,0.25106589317321776,0.65
2026-02-07 20:46:55,fire,0.25106589317321776,0.77
2026-02-07 20:46:55,fire,0.25106589317321776,0.625
2026-02-07 20:46:55,fire,0.2495141935348511,0.77
2026-02-07 20:46:55,fire,0.2495141935348511,0.6200000000000001
2026-02-07 20:46:55,fire,0.2495141935348511,0.6000000000000001
2026-02-07 20:46:55,fire,0.2280945372581482,0.7000000000000001
2026-02-07 20:46:55,fire,0.2280945372581482,0.71
2026-02-07 20:46:56,fire,0.2280945372581482,0.715
2026-02-07 20:46:56,fire,0.2272014927864075,0.7150000000000001
2026-02-07 20:46:56,fire,0.2272014927864075,0.7200000000000001
2026-02-07 20:46:56,fire,0.2272014927864075,0.7500000000000001
2026-02-07 20:46:56,fire,0.23654205322265626,0.61
2026-02-07 20:46:56,fire,0.23654205322265626,0.775
2026-02-07 20:46:56,fire,0.23654205322265626,0.66
2026-02-07 20:46:56,fire,0.26879047870635986,0.7500000000000001
2026-02-07 20:46:56,fire,0.26879047870635986,0.75
2026-02-07 20:46:57,fire,0.26879047870635986,0.67
2026-02-07 20:46:57,fire,0.30746836185455323,0.6
2026-02-07 20:46:57,fire,0.30746836185455323,0.555
2026-02-07 20:46:57,fire,0.30746836185455323,0.665
2026-02-07 20:46:57,fire,0.25024723529815673,0.76
2026-02-07 20:46:57,fire,0.25024723529815673,0.56
2026-02-07 20:46:57,fire,0.25024723529815673,0.6900000000000001
2026-02-07 20:46:57,fire,0.2877455186843872,0.7949999999999999
2026-02-07 20:46:57,fire,0.2877455186843872,0.65
2026-02-07 20:46:58,fire,0.2877455186843872,0.685
2026-02-07 20:46:58,fire,0.2910317373275757,0.7250000000000001
2026-02-07 20:46:58,fire,0.2910317373275757,0.7450000000000001
2026-02-07 20:46:58,fire,0.2910317373275757,0.675
2026-02-07 20:46:58,fire,0.31668648242950437,0.7650000000000001
2026-02-07 20:46:58,fire,0.31668648242950437,0.485
2026-02-07 20:46:58,fire,0.31668648242950437,0.5650000000000001
2026-02-07 20:46:58,fire,0.2740419101715088,0.735
2026-02-07 20:46:58,fire,0.2740419101715088,0.7150000000000001
2026-02-07 20:46:58,fire,0.2740419101715088,0.65
2026-02-07 20:46:59,fire,0.3008089971542358,0.605
2026-02-07 20:46:59,fire,0.3008089971542358,0.6250000000000001
2026-02-07 20:46:59,fire,0.3008089971542358,0.535
2026-02-07 20:46:59,fire,0.299712176322937,0.5700000000000001
2026-02-07 20:46:59,fire,0.299712176322937,0.62
2026-02-07 20:46:59,fire,0.299712176322937,0.65
2026-02-07 20:46:59,fire,0.27161468982696535,0.655
2026-02-07 20:46:59,fire,0.27161468982696535,0.5549999999999999
2026-02-07 20:46:59,fire,0.27161468982696535,0.71
2026-02-07 20:47:00,fire,0.2463087511062622,0.63
2026-02-07 20:47:00,fire,0.2463087511062622,0.6699999999999999
2026-02-07 20:47:00,fire,0.2463087511062622,0.65
2026-02-07 20:47:00,fire,0.2468554449081421,0.605
2026-02-07 20:47:00,fire,0.2468554449081421,0.555
2026-02-07 20:47:06,fire,0.2825295400619507,0.7350000000000001
2026-02-07 20:47:06,fire,0.26583635330200195,0.65
2026-02-07 20:47:07,fire,0.26583635330200195,0.685
2026-02-07 20:47:07,fire,0.26583635330200195,0.555
2026-02-07 20:47:07,fire,0.2554259252548218,0.7050000000000001
2026-02-07 20:47:07,fire,0.2554259252548218,0.665
2026-02-07 20:47:07,fire,0.2554259252548218,0.77
2026-02-07 20:47:07,fire,0.25092143535614014,0.605
2026-02-07 20:47:07,fire,0.25092143535614014,0.6900000000000001
2026-02-07 20:47:07,fire,0.25092143535614014,0.74
2026-02-07 20:47:07,fire,0.24966480255126955,0.7150000000000001
2026-02-07 20:47:07,fire,0.24966480255126955,0.6000000000000001
2026-02-07 20:47:08,fire,0.24966480255126955,0.79
2026-02-07 20:47:08,fire,0.22813738107681275,0.615
2026-02-07 20:47:08,fire,0.22813738107681275,0.6599999999999999
2026-02-07 20:47:08,fire,0.22813738107681275,0.505
2026-02-07 20:47:08,fire,0.22722769498825074,0.595
2026-02-07 20:47:08,fire,0.22722769498825074,0.62
2026-02-07 20:47:08,fire,0.22722769498825074,0.635
2026-02-07 20:47:08,fire,0.23633267402648928,0.6900000000000001
2026-02-07 20:47:08,fire,0.23633267402648928,0.595
2026-02-07 20:48:35,fire,0.16512447118759155,0.64
2026-02-07 20:48:36,fire,0.2033028316497803,0.6950000000000001
2026-02-07 20:48:36,fire,0.2033028316497803,0.605
2026-02-07 20:48:36,fire,0.2033028316497803,0.685
2026-02-07 20:48:36,fire,0.21719530344009402,0.6100000000000001
2026-02-07 20:48:37,fire,0.21719530344009402,0.56
2026-02-07 20:48:37,fire,0.21719530344009402,0.64
2026-02-07 20:48:37,none,0.045,0.64
2026-02-07 20:48:37,none,0.045,0.76
2026-02-07 20:48:37,none,0.045,0.54
2026-02-07 20:48:37,fire,0.20341153860092165,0.7150000000000001
2026-02-07 20:48:37,fire,0.20341153860092165,0.72
2026-02-07 20:48:37,fire,0.20341153860092165,0.75
2026-02-07 20:48:37,none,0.045,0.65
2026-02-07 20:48:37,none,0.045,0.64
2026-02-07 20:48:37,none,0.045,0.63
2026-02-07 20:48:37,none,0.045,0.64
2026-02-07 20:48:38,none,0.045,0.7
2026-02-07 20:48:38,none,0.045,0.73
2026-02-07 20:48:38,smoke,0.2244732451438904,0.76
2026-02-07 20:48:38,smoke,0.2244732451438904,0.7300000000000001
2026-02-07 20:48:39,smoke,0.2244732451438904,0.61
2026-02-07 20:48:39,none,0.045,0.7449999999999999
2026-02-07 20:48:39,none,0.045,0.65
2026-02-07 20:48:39,none,0.045,0.605
2026-02-07 20:50:22,smoke,0.2618919563293457,0.505
2026-02-07 20:51:16,smoke,0.16601547718048096,0.6950000000000001
2026-02-07 20:51:18,smoke,0.18857969760894777,0.7150000000000001
2026-02-07 20:51:19,smoke,0.18251591444015502,0.585
2026-02-07 20:51:19,smoke,0.18251591444015502,0.7
2026-02-07 20:51:19,smoke,0.18251591444015502,0.5950000000000001
2026-02-07 20:51:19,none,0.045,0.73
2026-02-07 20:51:19,none,0.045,0.645
2026-02-07 20:51:19,none,0.045,0.69
2026-02-07 20:55:32,fire,0.2807836246490479,0.66
2026-02-07 20:55:33,fire,0.25663763999938966,0.645
2026-02-07 20:55:33,fire,0.25663763999938966,0.66
2026-02-07 20:55:33,fire,0.25663763999938966,0.7350000000000001
2026-02-07 20:55:33,fire,0.22351877212524413,0.64
2026-02-07 20:55:33,fire,0.22351877212524413,0.665
2026-02-07 20:55:33,fire,0.22351877212524413,0.6300000000000001
2026-02-07 20:55:33,fire,0.23409856081008912,0.51
2026-02-07 20:55:33,fire,0.23409856081008912,0.5750000000000001
2026-02-07 20:55:33,fire,0.23409856081008912,0.8
2026-02-07 20:55:33,fire,0.29491586208343507,0.7999999999999999
2026-02-07 20:55:33,fire,0.29491586208343507,0.685
2026-02-07 20:55:33,fire,0.29491586208343507,0.68
2026-02-07 20:55:34,fire,0.2466277074813843,0.49
2026-02-07 20:55:34,fire,0.2466277074813843,0.635
2026-02-07 20:55:34,fire,0.2466277074813843,0.76
2026-02-07 20:55:34,fire,0.2799717378616333,0.72
2026-02-07 20:55:34,fire,0.2799717378616333,0.6799999999999999
2026-02-07 20:55:34,fire,0.2799717378616333,0.675
2026-02-07 20:55:34,fire,0.24864625453948974,0.785
2026-02-07 20:55:34,fire,0.24864625453948974,0.645
2026-02-07 20:55:34,fire,0.24864625453948974,0.6950000000000001
2026-02-07 20:55:34,fire,0.22633109807968138,0.66
2026-02-07 20:55:34,fire,0.22633109807968138,0.61
2026-02-07 20:55:35,fire,0.22633109807968138,0.575
2026-02-07 20:55:35,fire,0.22328632593154907,0.5700000000000001
2026-02-07 20:55:35,fire,0.22328632593154907,0.5700000000000001
2026-02-07 20:55:35,fire,0.22328632593154907,0.63
2026-02-07 20:55:35,fire,0.2751194190979004,0.49
2026-02-07 20:55:35,fire,0.2751194190979004,0.63
2026-02-07 20:55:35,fire,0.2751194190979004,0.65
2026-02-07 20:55:35,fire,0.28742882728576663,0.665
2026-02-07 20:55:35,fire,0.28742882728576663,0.665
2026-02-07 20:55:35,fire,0.28742882728576663,0.615
2026-02-07 20:55:35,none,0.045,0.675
2026-02-07 20:55:35,none,0.045,0.625
2026-02-07 20:55:36,none,0.045,0.67
2026-02-07 20:55:36,fire,0.20090164661407472,0.63
2026-02-07 20:55:36,fire,0.20090164661407472,0.6950000000000001
2026-02-07 20:55:36,fire,0.20090164661407472,0.655
2026-02-07 20:55:36,none,0.045,0.685
2026-02-07 20:55:36,none,0.045,0.77
2026-02-07 20:55:36,none,0.045,0.625
2026-02-07 20:55:36,none,0.045,0.625
2026-02-07 20:55:36,none,0.045,0.7250000000000001
2026-02-07 20:55:39,fire,0.2806328010559082,0.5
2026-02-07 20:55:40,fire,0.25655359745025635,0.625
2026-02-07 20:55:40,fire,0.25655359745025635,0.78
2026-02-07 20:55:40,fire,0.25655359745025635,0.755
2026-02-07 20:55:40,fire,0.22356471538543704,0.5950000000000001
2026-02-07 20:55:40,fire,0.22356471538543704,0.7250000000000001
2026-02-07 20:55:40,fire,0.22356471538543704,0.66
2026-02-07 20:55:40,fire,0.2337845993041992,0.625
2026-02-07 20:55:40,fire,0.2337845993041992,0.755
2026-02-07 20:55:40,fire,0.2337845993041992,0.53
2026-02-07 20:55:40,fire,0.294658465385437,0.67
2026-02-07 20:55:40,fire,0.294658465385437,0.685
2026-02-07 20:55:41,fire,0.294658465385437,0.8
2026-02-07 20:55:41,fire,0.24621684074401856,0.6950000000000001
2026-02-07 20:55:41,fire,0.24621684074401856,0.69
2026-02-07 20:55:41,fire,0.24621684074401856,0.7250000000000001
2026-02-07 20:55:41,fire,0.2796392631530762,0.76
2026-02-07 20:55:41,fire,0.2796392631530762,0.7050000000000001
2026-02-07 20:55:41,fire,0.2796392631530762,0.56
2026-02-07 20:55:41,fire,0.2492901039123535,0.7799999999999999
2026-02-07 20:55:41,fire,0.2492901039123535,0.7400000000000001
2026-02-07 20:55:41,fire,0.2492901039123535,0.5800000000000001
2026-02-07 20:55:41,fire,0.2257890772819519,0.7350000000000001
2026-02-07 20:55:42,fire,0.2257890772819519,0.5750000000000001
2026-02-07 20:55:42,fire,0.2257890772819519,0.655
2026-02-07 20:55:42,fire,0.22337648391723636,0.8299999999999998
2026-02-07 20:55:42,fire,0.22337648391723636,0.7050000000000001
2026-02-07 21:55:41,fire,0.26640796184539794,0.7450000000000001
2026-02-07 21:55:42,fire,0.26490005970001224,0.675
2026-02-07 21:55:42,fire,0.26490005970001224,0.5700000000000001
2026-02-07 21:55:42,fire,0.26490005970001224,0.63
2026-02-07 21:55:42,fire,0.2653407287597656,0.78
2026-02-07 21:55:42,fire,0.2653407287597656,0.525
2026-02-07 21:55:42,fire,0.2653407287597656,0.63
2026-02-07 21:55:42,fire,0.2627710771560669,0.605
2026-02-07 21:55:43,fire,0.2627710771560669,0.795
2026-02-07 21:55:43,fire,0.2627710771560669,0.66
2026-02-07 21:55:43,fire,0.2679614019393921,0.685
2026-02-07 21:55:43,fire,0.2679614019393921,0.66
2026-02-07 21:55:43,fire,0.2679614019393921,0.635
2026-02-07 21:55:43,fire,0.26553098678588866,0.72
2026-02-07 21:55:43,fire,0.26553098678588866,0.76
2026-02-07 21:55:43,fire,0.26553098678588866,0.7
2026-02-07 21:55:43,fire,0.24617213726043702,0.6000000000000001
2026-02-07 21:55:43,fire,0.24617213726043702,0.745
2026-02-07 21:55:43,fire,0.24617213726043702,0.5650000000000001
2026-02-07 21:55:43,fire,0.3019122552871704,0.51
2026-02-07 21:55:43,fire,0.3019122552871704,0.705
2026-02-07 21:55:43,fire,0.3019122552871704,0.62
2026-02-07 21:55:44,fire,0.1964772415161133,0.625
2026-02-07 21:55:44,fire,0.1964772415161133,0.8049999999999999
2026-02-07 21:55:44,fire,0.1964772415161133,0.6799999999999999
2026-02-07 21:55:44,fire,0.2639202308654785,0.7550000000000001
2026-02-07 21:55:44,fire,0.2639202308654785,0.655
2026-02-07 21:55:44,fire,0.2639202308654785,0.7150000000000001
2026-02-07 21:55:44,fire,0.23905415058135987,0.7350000000000001
2026-02-07 21:55:44,fire,0.23905415058135987,0.665
2026-02-07 21:55:44,fire,0.23905415058135987,0.6799999999999999
2026-02-07 21:55:44,fire,0.308506555557251,0.6300000000000001
2026-02-07 21:55:44,fire,0.308506555557251,0.77
2026-02-07 21:55:44,fire,0.308506555557251,0.63
2026-02-07 21:55:44,fire,0.21400166273117066,0.6799999999999999
2026-02-07 21:55:44,fire,0.21400166273117066,0.56
2026-02-07 21:55:44,fire,0.21400166273117066,0.5800000000000001
2026-02-07 21:55:45,fire,0.262933988571167,0.7200000000000001
2026-02-07 21:55:45,fire,0.262933988571167,0.6799999999999999
2026-02-07 21:55:45,fire,0.262933988571167,0.6000000000000001
2026-02-07 21:55:45,fire,0.2288322401046753,0.6100000000000001
2026-02-07 21:55:45,fire,0.2288322401046753,0.625
2026-02-07 21:55:45,fire,0.2288322401046753,0.575
2026-02-07 21:55:45,fire,0.29660090923309324,0.64
2026-02-07 21:55:45,fire,0.29660090923309324,0.7150000000000001
2026-02-07 21:55:45,fire,0.29660090923309324,0.54
2026-02-07 21:55:45,fire,0.3006773662567139,0.6799999999999999
2026-02-07 21:55:45,fire,0.3006773662567139,0.5449999999999999
2026-02-07 21:55:45,fire,0.3006773662567139,0.7949999999999999
2026-02-07 21:55:45,fire,0.33049036979675295,0.66
2026-02-07 21:55:45,fire,0.33049036979675295,0.64
2026-02-07 21:55:46,fire,0.33049036979675295,0.6799999999999999
2026-02-07 21:55:46,fire,0.3264826965332031,0.7
2026-02-07 21:55:46,fire,0.3264826965332031,0.7949999999999999
2026-02-07 21:55:46,fire,0.3264826965332031,0.7
2026-02-07 21:55:46,fire,0.229700882434845,0.545
2026-02-07 21:55:46,fire,0.229700882434845,0.67
2026-02-07 21:55:46,fire,0.229700882434845,0.595
2026-02-07 21:55:46,fire,0.2136763644218445,0.55
2026-02-07 21:55:46,fire,0.2136763644218445,0.62
2026-02-07 21:55:46,fire,0.2136763644218445,0.625
2026-02-07 21:55:46,fire,0.29710707187652585,0.675
2026-02-07 21:55:46,fire,0.29710707187652585,0.575
2026-02-07 21:55:46,fire,0.29710707187652585,0.665
2026-02-07 21:55:46,fire,0.3650453281402588,0.615
2026-02-07 21:55:47,fire,0.3650453281402588,0.6900000000000001
2026-02-07 21:55:47,fire,0.3650453281402588,0.685
2026-02-07 21:55:47,fire,0.31775402545928955,0.7150000000000001
2026-02-07 21:55:47,fire,0.31775402545928955,0.6
2026-02-07 21:55:47,fire,0.31775402545928955,0.63
2026-02-07 21:55:47,fire,0.3081596326828003,0.6
2026-02-07 21:55:47,fire,0.3081596326828003,0.5800000000000001
2026-02-07 21:55:47,fire,0.3081596326828003,0.7250000000000001
2026-02-07 21:55:47,fire,0.29429594993591307,0.5700000000000001
2026-02-07 21:55:47,fire,0.29429594993591307,0.7050000000000001
2026-02-07 21:55:47,fire,0.29429594993591307,0.6950000000000001
2026-02-07 21:55:47,fire,0.30501331806182863,0.665
2026-02-07 21:55:47,fire,0.30501331806182863,0.555
2026-02-07 21:55:47,fire,0.30501331806182863,0.5850000000000001
2026-02-07 21:55:48,fire,0.31246666431427,0.605
2026-02-07 21:55:48,fire,0.31246666431427,0.565
2026-02-07 21:55:48,fire,0.31246666431427,0.7700000000000001
2026-02-07 21:55:48,fire,0.3207246255874634,0.595
2026-02-07 21:55:48,fire,0.3207246255874634,0.655
2026-02-07 21:55:48,fire,0.3207246255874634,0.6900000000000001
2026-02-07 21:55:48,fire,0.32324387550354006,0.6950000000000001
2026-02-07 21:55:48,fire,0.32324387550354006,0.55
2026-02-07 21:55:48,fire,0.32324387550354006,0.6400000000000001
2026-02-07 21:55:48,fire,0.2856943798065186,0.665
2026-02-07 21:55:48,fire,0.2856943798065186,0.655
2026-02-07 21:55:48,fire,0.2856943798065186,0.675
2026-02-07 21:55:49,fire,0.22029728412628174,0.7300000000000001
2026-02-07 21:55:49,fire,0.22029728412628174,0.6000000000000001
2026-02-07 21:55:49,fire,0.22029728412628174,0.51
2026-02-07 21:55:49,fire,0.2700689744949341,0.535
2026-02-07 21:55:49,fire,0.2700689744949341,0.5650000000000001
2026-02-07 21:55:49,fire,0.2700689744949341,0.56
2026-02-07 21:55:49,fire,0.32038800239562987,0.535
2026-02-07 21:55:49,fire,0.32038800239562987,0.7000000000000001
2026-02-07 21:55:49,fire,0.32038800239562987,0.785
2026-02-07 21:55:49,fire,0.33190533638000486,0.7250000000000001
2026-02-07 21:55:49,fire,0.33190533638000486,0.67
2026-02-07 21:55:49,fire,0.33190533638000486,0.7850000000000001
2026-02-07 21:55:50,fire,0.3413731050491333,0.74
2026-02-07 21:55:50,fire,0.3413731050491333,0.645
2026-02-07 21:55:50,fire,0.3413731050491333,0.615
2026-02-07 21:55:50,fire,0.360639066696167,0.64
2026-02-07 21:55:50,fire,0.360639066696167,0.7350000000000001
2026-02-07 21:55:51,fire,0.2664774370193482,0.5700000000000001
2026-02-07 21:55:52,fire,0.26446430206298827,0.63
2026-02-07 21:55:52,fire,0.26446430206298827,0.6200000000000001
2026-02-07 21:55:52,fire,0.26446430206298827,0.655
2026-02-07 21:55:52,fire,0.26538235664367676,0.6100000000000001
2026-02-07 21:55:52,fire,0.26538235664367676,0.55
2026-02-07 21:55:52,fire,0.26538235664367676,0.53
2026-02-07 21:55:52,fire,0.26287989139556883,0.74
2026-02-07 21:55:52,fire,0.26287989139556883,0.7150000000000001
2026-02-07 21:55:52,fire,0.26287989139556883,0.645
2026-02-07 21:55:52,fire,0.2682178926467896,0.655
2026-02-07 21:55:52,fire,0.2682178926467896,0.705
2026-02-07 21:55:53,fire,0.2682178926467896,0.72
2026-02-07 21:55:53,fire,0.2655218315124512,0.7250000000000001
2026-02-07 21:55:53,fire,0.2655218315124512,0.705
2026-02-07 21:55:53,fire,0.2655218315124512,0.6
2026-02-07 21:55:53,fire,0.24621610164642332,0.6100000000000001
2026-02-07 21:55:53,fire,0.24621610164642332,0.7500000000000001
2026-02-07 21:55:53,fire,0.24621610164642332,0.585
2026-02-07 21:55:53,fire,0.3019425106048584,0.5850000000000001
2026-02-07 21:55:53,fire,0.3019425106048584,0.64
2026-02-07 21:55:53,fire,0.3019425106048584,0.79
2026-02-07 21:55:53,fire,0.19651299238204956,0.55
2026-02-07 21:55:53,fire,0.19651299238204956,0.605
2026-02-07 21:55:54,fire,0.19651299238204956,0.675
2026-02-07 21:55:54,fire,0.2638611507415772,0.685
2026-02-07 21:55:54,fire,0.2638611507415772,0.53
2026-02-07 21:55:54,fire,0.2638611507415772,0.6250000000000001
2026-02-07 21:55:54,fire,0.23912524700164794,0.5750000000000001
2026-02-07 21:55:54,fire,0.23912524700164794,0.62
2026-02-07 21:55:54,fire,0.23912524700164794,0.65
2026-02-07 21:55:54,fire,0.3083487462997436,0.665
2026-02-07 21:55:54,fire,0.3083487462997436,0.6500000000000001
2026-02-07 21:55:54,fire,0.3083487462997436,0.625
2026-02-07 21:55:54,fire,0.21413915872573852,0.685
2026-02-07 21:55:54,fire,0.21413915872573852,0.5650000000000001
2026-02-07 21:55:55,fire,0.21413915872573852,0.595
2026-02-07 21:55:55,fire,0.2628658723831177,0.7300000000000001
2026-02-07 21:55:55,fire,0.2628658723831177,0.555
2026-02-07 21:55:55,fire,0.2628658723831177,0.5700000000000001
2026-02-07 21:55:55,fire,0.22878534317016602,0.66
2026-02-07 21:55:55,fire,0.22878534317016602,0.66
2026-02-07 21:55:55,fire,0.22878534317016602,0.61
2026-02-07 21:55:55,fire,0.2965800714492798,0.61
2026-02-07 21:55:55,fire,0.2965800714492798,0.6950000000000001
2026-02-07 21:55:55,fire,0.2965800714492798,0.75
2026-02-07 21:55:55,fire,0.3007015657424927,0.7400000000000001
2026-02-07 21:55:55,fire,0.3007015657424927,0.5750000000000001
2026-02-07 21:55:56,fire,0.3007015657424927,0.635
2026-02-07 21:59:37,fire,0.26648303985595706,0.65
2026-02-07 21:59:37,fire,0.26461755752563476,0.6950000000000001
2026-02-07 21:59:38,fire,0.26461755752563476,0.6499999999999999
2026-02-07 21:59:38,fire,0.26461755752563476,0.5750000000000001
2026-02-07 21:59:38,fire,0.26490180015563963,0.685
2026-02-07 21:59:38,fire,0.26490180015563963,0.6900000000000001
2026-02-07 21:59:38,fire,0.26490180015563963,0.55
2026-02-07 21:59:38,fire,0.2625400018692017,0.5700000000000001
2026-02-07 21:59:38,fire,0.2625400018692017,0.6499999999999999
2026-02-07 21:59:38,fire,0.2625400018692017,0.6000000000000001
2026-02-07 21:59:38,fire,0.26739294052124024,0.7300000000000001
2026-02-07 21:59:38,fire,0.26739294052124024,0.5700000000000001
2026-02-07 21:59:38,fire,0.26739294052124024,0.6000000000000001
2026-02-07 21:59:39,fire,0.26519288539886476,0.6000000000000001
2026-02-07 21:59:39,fire,0.26519288539886476,0.645
2026-02-07 21:59:39,fire,0.26519288539886476,0.6300000000000001
2026-02-07 21:59:39,fire,0.2465352487564087,0.655
2026-02-07 21:59:39,fire,0.2465352487564087,0.7050000000000001
2026-02-07 21:59:39,fire,0.2465352487564087,0.645
2026-02-07 21:59:39,fire,0.30170943260192873,0.62
2026-02-07 21:59:39,fire,0.30170943260192873,0.655
2026-02-07 21:59:39,fire,0.30170943260192873,0.66
2026-02-07 21:59:39,fire,0.19628475427627562,0.75
2026-02-07 21:59:39,fire,0.19628475427627562,0.735
2026-02-07 21:59:40,fire,0.19628475427627562,0.66
2026-02-07 21:59:40,fire,0.26396395683288576,0.6699999999999999
2026-02-07 21:59:40,fire,0.26396395683288576,0.65
2026-02-07 21:59:40,fire,0.26396395683288576,0.615
2026-02-07 21:59:40,fire,0.23904854774475098,0.78
2026-02-07 21:59:40,fire,0.23904854774475098,0.74
2026-02-07 21:59:40,fire,0.23904854774475098,0.6950000000000001
2026-02-07 21:59:40,fire,0.30874416351318357,0.5650000000000001
2026-02-07 21:59:40,fire,0.30874416351318357,0.665
2026-02-07 21:59:40,fire,0.30874416351318357,0.64
2026-02-07 21:59:40,fire,0.21366564750671385,0.565
2026-02-07 21:59:40,fire,0.21366564750671385,0.63
2026-02-07 21:59:41,fire,0.21366564750671385,0.7250000000000001
2026-02-07 21:59:41,fire,0.2627074670791626,0.675
2026-02-07 21:59:41,fire,0.2627074670791626,0.7450000000000001
2026-02-07 21:59:41,fire,0.2627074670791626,0.68
2026-02-07 21:59:41,fire,0.22878119468688968,0.71
2026-02-07 21:59:41,fire,0.22878119468688968,0.7
2026-02-07 21:59:41,fire,0.22878119468688968,0.71
2026-02-07 21:59:41,fire,0.2962735843658447,0.61
2026-02-07 21:59:41,fire,0.2962735843658447,0.65
2026-02-07 21:59:41,fire,0.2962735843658447,0.74
2026-02-07 21:59:42,fire,0.3005056095123291,0.67
2026-02-07 21:59:42,fire,0.3005056095123291,0.7
2026-02-07 21:59:42,fire,0.3005056095123291,0.53
2026-02-07 21:59:42,fire,0.3305860233306885,0.5549999999999999
2026-02-07 21:59:42,fire,0.3305860233306885,0.62
2026-02-07 21:59:42,fire,0.3305860233306885,0.685
2026-02-07 21:59:42,fire,0.3263566207885742,0.6599999999999999
2026-02-07 21:59:42,fire,0.3263566207885742,0.835
2026-02-07 21:59:42,fire,0.3263566207885742,0.6
2026-02-07 21:59:42,fire,0.2296003293991089,0.78
2026-02-07 21:59:42,fire,0.2296003293991089,0.51
2026-02-07 21:59:43,fire,0.2296003293991089,0.7450000000000001
2026-02-07 21:59:43,fire,0.21368818998336792,0.6799999999999999
2026-02-07 21:59:43,fire,0.21368818998336792,0.63
2026-02-07 21:59:43,fire,0.21368818998336792,0.7650000000000001
2026-02-07 21:59:43,fire,0.2971055459976196,0.5900000000000001
2026-02-07 21:59:43,fire,0.2971055459976196,0.665
2026-02-07 21:59:43,fire,0.2971055459976196,0.5900000000000001
2026-02-07 21:59:43,fire,0.36521129131317137,0.665
2026-02-07 21:59:43,fire,0.36521129131317137,0.665
2026-02-07 21:59:43,fire,0.36521129131317137,0.505
2026-02-07 21:59:44,fire,0.31757120609283446,0.615
2026-02-07 21:59:44,fire,0.31757120609283446,0.54
2026-02-07 21:59:44,fire,0.31757120609283446,0.7150000000000001
2026-02-07 21:59:44,fire,0.3080207538604736,0.62
2026-02-07 21:59:44,fire,0.3080207538604736,0.66
2026-02-07 21:59:44,fire,0.3080207538604736,0.575
2026-02-07 21:59:44,fire,0.293564600944519,0.565
2026-02-07 21:59:44,fire,0.293564600944519,0.6050000000000001
2026-02-07 21:59:44,fire,0.293564600944519,0.605
2026-02-07 21:59:44,fire,0.30539068698883054,0.7
2026-02-07 21:59:44,fire,0.30539068698883054,0.55
2026-02-07 21:59:45,fire,0.30539068698883054,0.545
2026-02-07 21:59:45,fire,0.31250099658966063,0.6100000000000001
2026-02-07 21:59:45,fire,0.31250099658966063,0.675
2026-02-07 21:59:45,fire,0.31250099658966063,0.6900000000000001
2026-02-07 21:59:45,fire,0.3209128093719482,0.77
2026-02-07 21:59:45,fire,0.3209128093719482,0.5449999999999999
2026-02-07 21:59:45,fire,0.3209128093719482,0.555
2026-02-07 21:59:45,fire,0.32314669609069824,0.5800000000000001
2026-02-07 21:59:45,fire,0.32314669609069824,0.525
2026-02-07 21:59:45,fire,0.32314669609069824,0.5800000000000001
2026-02-07 21:59:45,fire,0.285828537940979,0.68
2026-02-07 21:59:46,fire,0.285828537940979,0.635
2026-02-07 21:59:46,fire,0.285828537940979,0.7350000000000001
2026-02-07 21:59:46,fire,0.22057661533355716,0.7450000000000001
2026-02-07 21:59:46,fire,0.22057661533355716,0.5900000000000001
2026-02-07 21:59:46,fire,0.22057661533355716,0.72
2026-02-07 21:59:46,fire,0.27020098686218263,0.6100000000000001
2026-02-07 21:59:46,fire,0.27020098686218263,0.7100000000000001
2026-02-07 21:59:46,fire,0.27020098686218263,0.7250000000000001
2026-02-07 21:59:46,fire,0.3203494739532471,0.6300000000000001
2026-02-07 21:59:46,fire,0.3203494739532471,0.74
2026-02-07 21:59:46,fire,0.3203494739532471,0.645
2026-02-07 21:59:47,fire,0.33196718215942383,0.75
2026-02-07 21:59:47,fire,0.33196718215942383,0.53
2026-02-07 21:59:47,fire,0.33196718215942383,0.67
2026-02-07 21:59:47,fire,0.3415453863143921,0.5800000000000001
2026-02-07 21:59:47,fire,0.3415453863143921,0.495
2026-02-07 21:59:47,fire,0.3415453863143921,0.745
2026-02-07 21:59:47,fire,0.3610643815994263,0.62
2026-02-07 21:59:47,fire,0.3610643815994263,0.7250000000000001
2026-02-07 21:59:47,fire,0.3610643815994263,0.8
2026-02-07 21:59:47,fire,0.30243792057037355,0.605
2026-02-07 21:59:48,fire,0.30243792057037355,0.7250000000000001
2026-02-07 21:59:48,fire,0.30243792057037355,0.7150000000000001
2026-02-07 21:59:48,fire,0.26110181331634524,0.7699999999999999
2026-02-07 21:59:48,fire,0.26110181331634524,0.5850000000000001
2026-02-07 21:59:48,fire,0.26110181331634524,0.735
2026-02-07 21:59:48,fire,0.2687396001815796,0.6300000000000001
2026-02-07 21:59:48,fire,0.2687396001815796,0.765
2026-02-07 21:59:48,fire,0.2687396001815796,0.5700000000000001
2026-02-07 21:59:48,fire,0.31498863220214846,0.7500000000000001
2026-02-07 21:59:48,fire,0.31498863220214846,0.7350000000000001
2026-02-07 21:59:49,fire,0.31498863220214846,0.5800000000000001
2026-02-07 21:59:49,fire,0.293226523399353,0.65
2026-02-07 21:59:49,fire,0.293226523399353,0.535
2026-02-07 21:59:49,fire,0.293226523399353,0.6
2026-02-07 21:59:49,fire,0.29003836631774904,0.8099999999999998
2026-02-07 21:59:49,fire,0.29003836631774904,0.535
2026-02-07 21:59:49,fire,0.29003836631774904,0.7500000000000001
2026-02-07 21:59:49,fire,0.25319475650787354,0.73
2026-02-07 21:59:49,fire,0.25319475650787354,0.5850000000000001
2026-02-07 21:59:49,fire,0.25319475650787354,0.7150000000000001
2026-02-07 21:59:49,fire,0.23030292510986328,0.71
2026-02-07 21:59:50,fire,0.23030292510986328,0.66
2026-02-07 21:59:50,fire,0.23030292510986328,0.535
2026-02-07 21:59:50,fire,0.3346291255950928,0.665
2026-02-07 21:59:50,fire,0.3346291255950928,0.635
2026-02-07 21:59:50,fire,0.3346291255950928,0.535
2026-02-07 21:59:50,fire,0.2911889266967774,0.54
2026-02-07 21:59:50,fire,0.2911889266967774,0.685
2026-02-07 21:59:50,fire,0.2911889266967774,0.7150000000000001
2026-02-07 21:59:50,fire,0.2529726219177246,0.69
2026-02-07 21:59:50,fire,0.2529726219177246,0.6100000000000001
2026-02-07 21:59:51,fire,0.2529726219177246,0.5650000000000001
2026-02-07 21:59:51,fire,0.3502933692932129,0.6900000000000001
2026-02-07 21:59:51,fire,0.3502933692932129,0.6000000000000001
2026-02-07 21:59:51,fire,0.3502933692932129,0.76
2026-02-07 21:59:51,fire,0.3226257514953613,0.7000000000000001
2026-02-07 21:59:51,fire,0.3226257514953613,0.765
2026-02-07 21:59:51,fire,0.3226257514953613,0.635
2026-02-07 21:59:51,fire,0.2921843242645264,0.6900000000000001
2026-02-07 21:59:51,fire,0.2921843242645264,0.7300000000000001
2026-02-07 21:59:51,fire,0.2921843242645264,0.6799999999999999
2026-02-07 21:59:51,fire,0.3383293581008911,0.6150000000000001
2026-02-07 21:59:52,fire,0.3383293581008911,0.5700000000000001
2026-02-07 21:59:52,fire,0.3383293581008911,0.695
2026-02-07 21:59:52,fire,0.256076283454895,0.76
2026-02-07 21:59:52,fire,0.256076283454895,0.505
2026-02-07 21:59:52,fire,0.256076283454895,0.71
2026-02-07 21:59:52,fire,0.3037069272994995,0.66
2026-02-07 21:59:52,fire,0.3037069272994995,0.7
2026-02-07 21:59:52,fire,0.3037069272994995,0.605
2026-02-07 21:59:52,fire,0.29989919185638425,0.63
2026-02-07 21:59:52,fire,0.29989919185638425,0.545
2026-02-07 21:59:53,fire,0.29989919185638425,0.61
2026-02-07 21:59:53,fire,0.29092313766479494,0.605
2026-02-07 21:59:53,fire,0.29092313766479494,0.7000000000000001
2026-02-07 21:59:53,fire,0.29092313766479494,0.73
2026-02-07 21:59:53,fire,0.28924920082092287,0.655
2026-02-07 21:59:53,fire,0.28924920082092287,0.7050000000000001
2026-02-07 21:59:53,fire,0.28924920082092287,0.61
2026-02-07 21:59:53,fire,0.3229395818710327,0.7649999999999999
2026-02-07 21:59:53,fire,0.3229395818710327,0.5650000000000001
2026-02-07 21:59:53,fire,0.3229395818710327,0.53
2026-02-07 21:59:54,fire,0.2771195125579834,0.55
2026-02-07 21:59:54,fire,0.2771195125579834,0.63
2026-02-07 21:59:54,fire,0.2771195125579834,0.555
2026-02-07 21:59:54,fire,0.26882354736328123,0.655
2026-02-07 21:59:54,fire,0.26882354736328123,0.7750000000000001
2026-02-07 21:59:54,fire,0.26882354736328123,0.6900000000000001
2026-02-07 21:59:54,fire,0.33827049255371094,0.5700000000000001
2026-02-07 21:59:54,fire,0.33827049255371094,0.7650000000000001
2026-02-07 21:59:54,fire,0.33827049255371094,0.78
2026-02-07 21:59:54,fire,0.3146688890457153,0.615
2026-02-07 21:59:54,fire,0.3146688890457153,0.66
2026-02-07 21:59:55,fire,0.3146688890457153,0.685
2026-02-07 21:59:55,fire,0.34245163917541505,0.6900000000000001
2026-02-07 21:59:55,fire,0.34245163917541505,0.645
2026-02-07 21:59:55,fire,0.34245163917541505,0.575
2026-02-07 21:59:55,fire,0.32564353466033935,0.655
2026-02-07 21:59:55,fire,0.32564353466033935,0.675
2026-02-07 21:59:55,fire,0.32564353466033935,0.74
2026-02-07 21:59:55,fire,0.30775534629821777,0.6050000000000001
2026-02-07 21:59:55,fire,0.30775534629821777,0.6399999999999999
2026-02-07 21:59:55,fire,0.30775534629821777,0.7200000000000001
2026-02-07 21:59:56,fire,0.29668330669403076,0.7450000000000001
2026-02-07 21:59:56,fire,0.29668330669403076,0.615
2026-02-07 21:59:56,fire,0.29668330669403076,0.69
2026-02-07 21:59:56,fire,0.24502846717834476,0.78
2026-02-07 21:59:56,fire,0.24502846717834476,0.675
2026-02-07 21:59:56,fire,0.24502846717834476,0.7150000000000001
2026-02-07 21:59:56,fire,0.2769495439529419,0.5800000000000001
2026-02-07 21:59:56,fire,0.2769495439529419,0.8049999999999999
2026-02-07 21:59:56,fire,0.2769495439529419,0.71
2026-02-07 21:59:56,fire,0.28667659282684327,0.5900000000000001
2026-02-07 21:59:57,fire,0.28667659282684327,0.68
2026-02-07 21:59:57,fire,0.28667659282684327,0.6050000000000001
2026-02-07 21:59:57,fire,0.3249895763397217,0.665
2026-02-07 21:59:57,fire,0.3249895763397217,0.67
2026-02-07 21:59:57,fire,0.3249895763397217,0.71
2026-02-07 21:59:57,fire,0.3014417362213135,0.675
2026-02-07 21:59:57,fire,0.3014417362213135,0.755
2026-02-07 21:59:57,fire,0.3014417362213135,0.64
2026-02-07 21:59:57,fire,0.26450883865356445,0.66
2026-02-07 21:59:57,fire,0.26450883865356445,0.7100000000000001
2026-02-07 21:59:57,fire,0.26450883865356445,0.6950000000000001
2026-02-07 21:59:58,fire,0.25480374813079837,0.625
2026-02-08 00:09:21,SATELLITE_THERMAL,0.99,1.0
2026-02-08 00:11:11,SATELLITE_THERMAL,0.99,1.0
2026-02-08 01:14:03,SATELLITE_THERMAL,0.99,1.0
2026-02-08 10:10:59,SATELLITE_THERMAL,0.99,1.0
2026-02-08 10:11:06,SATELLITE_THERMAL,0.99,1.0
2026-02-08 10:11:14,SATELLITE_THERMAL,0.99,1.0
2026-02-08 10:11:21,SATELLITE_THERMAL,0.99,1.0
2026-02-08 10:11:28,SATELLITE_THERMAL,0.99,1.0
2026-02-08 10:11:35,SATELLITE_THERMAL,0.99,1.0
2026-02-08 10:11:51,SATELLITE_THERMAL,0.99,1.0
2026-02-08 10:12:03,SATELLITE_THERMAL,0.99,1.0
2026-02-08 10:16:55,SATELLITE_THERMAL,0.99,1.0
2026-02-22 18:04:53,SATELLITE_THERMAL,0.99,1.0
2026-02-22 19:39:12,SATELLITE_THERMAL,0.99,1.0
